abstract,author,cited,date,downed,download,fund,info,kws,source,title
摘要：该实验考察和比较增强回补途径对谷氨酸棒状杆菌合成L-异亮氨酸的影响.通过以L-异亮氨酸生产菌Corynebacterium glutamicum YI为出发菌株，分别采用基因组整合和质粒的方式过表达磷酸烯醇式丙酮酸羧化酶编码基因ppc及丙酮酸羧化酶编码基因pyc.结果表明，获得pyc基因组整合和质粒过表达菌株ILE01和ILE02，摇瓶条件下菌株L-异亮氨酸产量分别提高17.3％(6.1 g/L)和9.6％(5.7 g/L)、发酵罐条件下分别提高11.7％(24.8 g/L)和8.1％(24.0 g/L).获得ppc基因组整合和质粒过表达菌株ILE03和ILE04，摇瓶条件下菌株L-异亮氨酸产量分别提高30.8％(6.8 g/L)和13.5％(5.9 g/L)、发酵罐条件下分别提高15.8％(25.7 g/L)和9.5％(24.3 g/L).此外，过表达pyc和ppc还可不同程度地提高L-异亮氨酸转化率.然而采用质粒过表达pyc和ppc均使得菌株生物量下降.因此，过表达pyc和ppc均能显著提高L-异亮氨酸产量和转化率，基因组整合的过表达方式效果优于质粒过表达.该研究首次比较并报道了增强谷氨酸棒杆菌回补途径对谷氨酸棒杆菌生产L-异亮氨酸的影响，可为其代谢工程改造提供参考....,朱福周 芦楠 李宇虹 林蓓蓓 郑颖楠 王子申 陈宁 张成林,0,2020年,14,http://www.wanfangdata.com.cn/link.do?url=BE78DC6926613EC3C61D070E578356F9C0FCD10AD4DC13D1A570C0F65213F934E7333D88E62F5656E4482B654AA454D40449AC4FCB6C7DE6905B5E2A39265CA8EE84777AE070E735B4E5F31E9DC5A3E7,N/A,N/A,N/A,万方期刊论文,增强回补途径对谷氨酸棒状杆菌合成L-异亮氨酸的影响
摘要：以L-异亮氨酸发酵过程的发酵液为样品，用偏最小二乘法考察2种光谱采集方式、7种光谱预处理方法及不同光谱波段选择对建立5种氨基酸光谱预测模型精度的影响.通过建立L-异亮氨酸发酵过程中主副产物最佳光谱预测模型，确定最佳光谱信息采集方式、光谱预处理方法、光谱波长范围及模型因子数.结果表明:反射扫描优于透射扫描获取光谱所建最佳预测模型;反射光谱采集L-异亮氨酸、L-丙氨酸、L-谷氨酸、L-亮氨酸和L-苏氨酸5种氨基酸最佳校正模型相关系数均大于0.96，其交互验证均方差分别为1.760，0.462，0.430，0.259，0.199，相对分析误差分别为7.8，6.8，6.3，5.0，6.4，表明所提出的近红外光谱分析法快速检测氨基酸发酵液中各成分稳定可行....,王森 王雪松 张昕 石国新 王健,0,2020年,7,http://www.wanfangdata.com.cn/link.do?url=BE78DC6926613EC3C61D070E578356F9C0FCD10AD4DC13D1A570C0F65213F934E7333D88E62F5656E4482B654AA454D40449AC4FCB6C7DE621431D5815D9147B900030DD8058F2A4EED9FB98CB098366194AD3731E07C78B,N/A,N/A,N/A,万方期刊论文,近红外光谱分析技术在监测L-异亮氨酸发酵过程中的应用
摘要：以谷氨酸棒杆菌(C orynebacterium glutam icum)23798为原始菌株，对其进行常温常压等离子体(A R TP)诱变，以磺胺胍抗性和氨基酸与茚三酮特异显色为筛选标记，以期得到高产L-异亮氨酸的诱变谷氨酸棒杆菌，并对其遗传稳定性进行研究.结果表明，原始菌株23798经过A R TP诱变处理180 s后，经0.4 m g/m L磺胺胍抗性筛选、多孔板高通量筛选、发酵培养复筛，选育出一株高产L-异亮氨酸诱变谷氨酸棒杆菌(C orynebacterium glutam icum)B 1.该菌株在摇瓶中发酵培养48 h，L-异亮氨酸产量达18.5 g/L，比原始菌株提高62.03％，且遗传性状稳定....,孔帅 陈敏 郑美娟 许鹏飞 吕育财 谢飞 周宜平 龚大春,1,2020年,10,http://www.wanfangdata.com.cn/link.do?url=BE78DC6926613EC3C61D070E578356F9C0FCD10AD4DC13D1A570C0F65213F934E7333D88E62F5656E4482B654AA454D40449AC4FCB6C7DE67926270CF98E56ECA9EE026917B66A11426149DF737403AA,N/A,N/A,N/A,万方期刊论文,常温常压等离子体诱变选育高产L-异亮氨酸谷氨酸棒杆菌
摘要：利用异氰酸丙基三乙氧基硅烷与L-异亮氨酸反应合成了一种新型的硅烷偶联剂，并进一步将其与硅胶反应制得键合有L-异亮氨酸的亲水色谱固定相.通过核磁共振氢谱表明亮氨酸功能化硅烷偶联剂的成功合成、元素分析表征证明亮氨酸已成功键合到硅胶表面.将其作为亲水模式下的固定相填料填装在150 mm×4.6 mm不锈钢色谱柱中，以一系列经典的极性小分子作为探针，考察了这些探针分子在固定相上的色谱行为.极性化合物的保留时间随着流动相中有机溶剂含量提高而逐渐增大，表现出典型的亲水保留特征.进一步研究了流动相中乙腈含量、缓冲盐pH值及缓冲盐浓度等因素对分析物在固定相上的保留的影响.在优化了相关参数后，将固定相应用于碱性化合物、水溶性维生素以及核苷类极性物质的分离当中.在等度洗脱下，5种碱性化合物、6种水溶性维生素和8种核苷类物质分别在8、18及25 min内被成功分离.分离结果表明了合成的L-异亮氨酸键合亲水色谱固定相具有较好的色谱性能，在极性化合物的分离上具有良好的应用前景....,成晓东 张铮,0,2020年,6,http://www.wanfangdata.com.cn/link.do?url=BE78DC6926613EC3C61D070E578356F9C0FCD10AD4DC13D1A570C0F65213F934E7333D88E62F5656E4482B654AA454D40449AC4FCB6C7DE6D976EFA8C7ECEC759D849B93D6B849EE08C3783EEA97DE0B,N/A,N/A,N/A,万方期刊论文,L-异亮氨酸键合色谱固定相的制备及其性能
摘要：旨在诱变选育L-异亮氨酸高产菌，并探索突变株最佳发酵条件.利用传统化学诱变结合常压室温等离子体生物诱变体系对实验室保藏的Brevibacterium flavum I-12进行逐级诱变，选育2-噻唑丙氨酸(2-TA)和磺胺胍(SG)高抗性和在琥珀酸平板上能快速生长的突变菌株.随后，在单因素实验的基础上，利用响应面设计优化出目的突变株摇瓶发酵培养基组分的最佳参数水平.结果显示，经过一系列诱变和筛选，成功选育出一株在40 g/L的2-TA和5 g/L的SG，且以琥珀酸为唯一碳源的培养基上快速生长突变株，命名为B.flavum TA-6，该菌株产酸达26.2±0.5 g/L，比出发菌株提高了44.75％，而副产物L-缬氨酸和L-亮氨酸积累量明显降低.经响应面法优化发酵条件后，突变株产酸可达27.8±0.5 g/L，比优化前提高了6.1％.通过传统化学诱变结合ARTP生物诱变体系，成功选育出一株杂酸降低的L-异亮氨酸高产菌TA-6，该菌株具有潜在生产应用价值....,王壮壮 魏佳 于海波 徐建中 张伟国,0,2020年,N/A,http://www.wanfangdata.com.cn/link.do?url=BE78DC6926613EC3C61D070E578356F9C0FCD10AD4DC13D1A570C0F65213F934E7333D88E62F5656E4482B654AA454D40449AC4FCB6C7DE6905B5E2A39265CA8FE8BC06820AD1AB3E0A9EC0B76C5D069,N/A,N/A,N/A,万方期刊论文,L-异亮氨酸高产菌选育及其培养基优化
摘要：[背景]L-异亮氨酸(L-isoleucine，L-Ile)和L-别异亮氨酸(L-allo-isoleucine，L-allo-Ile)是自然界中广泛存在的一对同分异构体.抗感染抗生素Desotamides结构中含L-别异亮氨酸结构单元，其生物合成途径中的氨基转移酶DsaD和异构酶DsaE可以协作催化L-异亮氨酸和L-别异亮氨酸相互转化.[目的]通过理性设计，使氨基转移酶DsaD和异构酶DsaE融合表达，研究融合蛋白DsaDE催化异亮氨酸和别异亮氨酸相互转化的功能.[方法]利用PCR分别扩增dsaE基因编码区DNA片段、以及含dsaD基因编码区和114个碱基接头序列的DNA片段dsaD-linker，利用酶切位点KpnⅠ将dsaE和dsaD-linker相连，形成dasDE重组序列，并克隆至pET28a(+)中，将重组质粒pET28a-dsaDE转化至Escherichia coli BL21 (DE3)中进行融合表达，利用Ni-NTA亲和层析法纯化融合蛋白DsaDE;分别以L-异亮氨酸和L-别异亮氨酸为底物进行融合蛋白的体外酶活性检测，利用高效液相色谱对酶反应产物进行分析.[结果]PCR验证、酶切验证以及测序结果证明pET28a-dsaDE重组载体具有正确序列;N-末端和C-末端融合6个组氨酸标签的融合蛋白DsaDE在E.coli BL21 (DE3)中获得可溶性表达，经Ni-NTA亲和层析法一步纯化获得纯度约95％的融合蛋白，纯化的融合蛋白DsaDE具有较好的活性，能够催化L-isoleucine和L-allo-isoleucine间的相互转化.[结论]氨基转移酶DsaD和异构酶DsaE成功融合表达，经一步Ni-NTA亲和层析法纯化即可获得纯度较高的融合蛋白，融合蛋白同时具有氨基转移酶和异构酶的活性，为进一步研究L-别异亮氨酸的工业化生产奠定了基础....,纪晓奇 李青连 鞠建华,0,2020年,N/A,http://www.wanfangdata.com.cn/link.do?url=BE78DC6926613EC3C61D070E578356F9C0FCD10AD4DC13D1A570C0F65213F934E7333D88E62F5656E4482B654AA454D40449AC4FCB6C7DE6E11CFAFBFB66F5D25EB5A99B8D109F84DE881069A7C99312,N/A,N/A,N/A,万方期刊论文,融合表达氨基转移酶DsaD和异构酶DsaE合成L-别异亮氨酸
摘要：对奇异变形杆菌Proteus mirabilis中的L-氨基酸脱氨酶进行定向进化，利用易错PCR技术向基因中引入随机突变，建立突变文库来筛选可获得较高α-酮-β-甲基正戊酸产量的突变株.突变株7/23-6最适全细胞转化反应条件是以pH 8.5 Tris-HC1为缓冲液，用900 mmol/L L-异亮氨酸在30℃下进行催化反应21～24 h，其α-酮-β-甲基正戊酸产量可以达到102 g/L，底物转化率达到87％.与对照菌相比，α-酮-β-甲基正戊酸产量和底物转化率均提高了13％，热稳定性提高了36.7％....,郭濛檬 刘龙 李江华 堵国成 陈坚,0,2020年,46,http://www.wanfangdata.com.cn/link.do?url=BE78DC6926613EC3C61D070E578356F9C0FCD10AD4DC13D1A570C0F65213F934E7333D88E62F5656E4482B654AA454D40449AC4FCB6C7DE6E11CFAFBFB66F5D2D94C04089A24E89C5AB2DF97604A28C8B201677D17A0C195,N/A,N/A,N/A,万方期刊论文,易错PCR法提高L-氨基酸脱氨酶全细胞转化L-异亮氨酸生产α-酮-β-甲基正戊酸效率
摘要：异亮氨酸在当今社会的应用越来越广泛，福建省麦丹生物集团有限公司福州研究中心对异亮氨酸的生产研究已有十多年的时间，在异亮氨酸生产菌株基础上进行研究，对于提高异亮氨酸的大罐生产水平具有一定的指导意义....,黄平,0,2020年,45,http://www.wanfangdata.com.cn/link.do?url=BE78DC6926613EC3C61D070E578356F9C0FCD10AD4DC13D1A570C0F65213F934E7333D88E62F5656E4482B654AA454D40449AC4FCB6C7DE6E17676849563A34D4C777E72E79A4A3023D8F680EF785127,N/A,N/A,N/A,万方期刊论文,L-异亮氨酸生产菌发酵水平提高的研究
摘要：4-羟基异亮氨酸(4-hydroxyisoleucine，4-HIL)具有促进胰岛素分泌、降低胰岛素抵抗活性功能，在治疗糖尿病方面有潜在的应用价值.在产L-异亮氨酸(L-isoleucine，Ile)的谷氨酸棒杆菌SN01菌株中过表达ido基因后可以合成4-HIL.为了促进草酰乙酸的供应和4-HIL合成，在这株重组菌中又过表达了mqo.发酵144 h后，ido-mqo过表达菌的4-HIL产量是(60.86±2.24) mmol/L，低于ido过表达菌(72.06±5.60)mmol/L;但是，Ile的积累量高达(101.39±2.20) mmol/L，显著高于ido过表达菌(5.00±1.43) mmol/L.对ido-mqo过表达菌代谢途径中部分关键基因的RT-PCR分析表明，进入TCA循环的碳流由异柠檬酸裂解酶分流，进入乙醛酸循环，导致4-HIL合成所需的另一底物α-酮戊二酸(α-ketoglutarate，α-KG)供应不足和Ile过剩.于是添加α-KG，当添加量为40 mmol/L时，4-HIL的产量提高到(77.7±10.91) mmol/L，Ile到4-HIL的转化率提高到75％.因此，过表达mqo能够促进Ile合成，添加o-KG后能够促进Ile向4-HIL转化，从而提高4-HIL产量....,卢正珂 史锋,0,2020年,22,http://www.wanfangdata.com.cn/link.do?url=BE78DC6926613EC3C61D070E578356F9C0FCD10AD4DC13D1A570C0F65213F934E7333D88E62F5656E4482B654AA454D40449AC4FCB6C7DE6905B5E2A39265CA83E6531A2D9FD14C354908907A489E4A4,N/A,N/A,N/A,万方期刊论文,过表达mqo对重组谷氨酸棒杆菌L-异亮氨酸和4-羟基异亮氨酸合成的影响
摘要：本发明属于L‑异亮氨酸生产技术领域，公开了一种L‑异亮氨酸的生产工艺，其包括如下步骤：步骤1）发酵，步骤2)浓缩重溶，步骤3)一次脱色，步骤4)二次脱色，步骤5)除杂和结晶。本发明生产工艺简单可行，提高了L‑异亮氨酸的产量和纯度。,N/A,N/A,2019-12-24,2,http://www.wanfangdata.com.cn/link.do?url=BE78DC6926613EC3C61D070E578356F9C0FCD10AD4DC13D1A570C0F65213F934E7333D88E62F5656E4482B654AA454D4312CDE92A525D0EC36CED29C7AFF8979E3989BFED6DD77441F7D8B4AEB67AFADB201677D17A0C195,N/A,冯世红,N/A,万方专利,一种L-异亮氨酸的生产工艺
摘要：本发明属于L‑异亮氨酸生产技术领域，公开了一种提高L‑异亮氨酸产量的方法，包括：其包括添加H2O2和葡萄糖营养液的步骤。本发明通过对发酵方法的优化，提高了L‑异亮氨酸的产量。,N/A,N/A,2019-12-10,0,http://www.wanfangdata.com.cn/link.do?url=BE78DC6926613EC3C61D070E578356F9C0FCD10AD4DC13D1A570C0F65213F934E7333D88E62F5656E4482B654AA454D4312CDE92A525D0EC36CED29C7AFF8979E3989BFED6DD77444DBBC33704DE2C4DB201677D17A0C195,N/A,冯世红,N/A,万方专利,一种提高L-异亮氨酸产量的方法
摘要：对黄色短杆菌突变株BM2610生产L-异亮氨酸的摇瓶发酵条件进行了研究.单因素优化了菌株BM2610的发酵培养基与培养条件，确定了发酵培养基的最佳碳氮源、最适起始pH、装液量及接种量等，进一步通过响应面分析方法优化了发酵培养基的组成配比.结果在优化条件下，BM2610摇瓶发酵平均积累L-异亮氨酸16.11 g·L-1，比未优化前提高了126.3％....,沈加彬 胡荣涛 罗磊 施碧红 吴松刚,2,2020年,N/A,http://www.wanfangdata.com.cn/link.do?url=BE78DC6926613EC3C61D070E578356F9C0FCD10AD4DC13D1A570C0F65213F934E7333D88E62F5656E4482B654AA454D40449AC4FCB6C7DE662A62A28B791BD2343E12A62FC9DA5707791B49B50044DAEB201677D17A0C195,N/A,N/A,N/A,万方期刊论文,响应面法优化L-异亮氨酸产生菌的摇瓶发酵条件
摘要：L-异亮氨酸在紫外光区无吸收峰，需将其进行衍生后才能测定.通过对比两种柱前衍生方法，建立高效液相色谱法柱前衍生检测L-异亮氨酸质量分数的方法.OPA自动衍生法检测耗时15 min，R=1，加标回收率99%~100.1%，RSD<1.0%;PITC手动衍生法检测耗时30 min，加标回收率96%~98%，RSD<1%.O PA自动衍生法在检测的时效性和准确性方面均具有明显优势，可用来高效地检测L-异亮氨酸的质量分数，在生物发酵、饲料添加剂、食品添加剂和制药等领域具有较高的应用价值....,唐艳 李晶 吴涛,3,2020年,57,http://www.wanfangdata.com.cn/link.do?url=BE78DC6926613EC3C61D070E578356F9C0FCD10AD4DC13D1A570C0F65213F934E7333D88E62F5656E4482B654AA454D40449AC4FCB6C7DE662A62A28B791BD239FB4A367D68A7AA3DE027707ACC20D5A,N/A,N/A,异亮氨酸;高效液相色谱;OPA;自动衍生;手动衍生,万方期刊论文,L-异亮氨酸高效液相色谱检测方法的研究
摘要：本发明公开了一种热稳定性与酶活提高的L‑异亮氨酸羟化酶突变体，具体公开了一种热稳定性与酶活提高的L‑异亮氨酸羟化酶突变体及其在4‑羟基异亮氨酸生产中的应用，属于基因工程技术领域。本发明提出的提高热稳定性的方法可用于其他羟化酶的改造，为生产其他高附加值羟化氨基酸提供了理论指导。利用本发明的的枯草芽孢杆菌工程菌生产得到的L‑异亮氨酸羟化酶的比酶活可达2.4±0.08U/mg，全细胞重复5批次，连续转化45h，可以得到856.91mM(126.1g/L)的4‑HIL，且5批次后，L‑异亮氨酸羟化酶的转化能力仍为第一次转化的84.1％。,N/A,N/A,2019-11-12,1,http://www.wanfangdata.com.cn/link.do?url=BE78DC6926613EC3C61D070E578356F9C0FCD10AD4DC13D1A570C0F65213F934E7333D88E62F5656E4482B654AA454D4312CDE92A525D0EC36CED29C7AFF8979E3989BFED6DD7744ACCFEF7A0BBD5457B201677D17A0C195,N/A,江南大学,N/A,万方专利,一种热稳定性与酶活提高的L-异亮氨酸羟化酶突变体
摘要：以L-异亮氨酸(L-ILe)为底物，以异源表达Fe(Ⅱ)/2-酮戊二酸依赖型双加氧酶的重组大肠杆菌BL21/pET28a-ido全细胞作为催化剂，催化合成4-羟基异亮氨酸(4-HIL).基于重组异亮氨酸双加氧酶(IDO)催化异亮氨酸羟基化的性质和条件，在摇瓶水平上对辅因子亚铁离子、 α-酮戊二酸(α-KG)及底物浓度进行了单因素优化.获得的最佳反应条件为2 g/L FeSO4·7H2 O，底物与α-KG摩尔比为1:1，该条件下反应8 h可生成190 mmol/L 4-HIL.结合摇瓶水平的最优条件，在反应器水平上继续对搅拌速度、 菌体浓度等进行优化，实现了对高底物浓度下催化反应的连续调控.在50 g/L湿菌体及400 r/min转速下可一次转化合成400 mmol/L 4-HIL，建立了全细胞催化合成4-羟基异亮氨酸的工艺流程....,张文丽 聂尧 景晓冉 徐岩,0,2020年,9,http://www.wanfangdata.com.cn/link.do?url=BE78DC6926613EC3C61D070E578356F9C0FCD10AD4DC13D1A570C0F65213F934E7333D88E62F5656E4482B654AA454D40449AC4FCB6C7DE60CD3398900D9ED97861BD2299B1A3FBF68C89722C0E55A5AB201677D17A0C195,N/A,N/A,N/A,万方期刊论文,Fe(Ⅱ)/2-酮戊二酸依赖型双加氧酶重组大肠杆菌全细胞催化合成4-羟基异亮氨酸
摘要：结合实验和分子模拟研究了L-异亮氨酸对L-丙氨酸晶体主要晶面生长速率的影响.实验发现随着溶液中L-异亮氨酸浓度的增加，L-丙氨酸(120)面(轴面)的生长速率显著降低，而(011)面(端面)的生长速率增加，导致L-丙氨酸晶体的长径比增大.分子模拟的结果表明，L-异亮氨酸容易占据L-丙氨酸(120)晶面的台阶位从而阻碍(120)晶面的生长;但其不仅不容易吸附于(011)晶面的台阶位，反而会促进溶质分子在溶剂化界面的扩散，从而提高(011)晶面的生长速率.分子模拟的结果较好地解释了实验中L-异亮氨酸对L-丙氨酸不同晶面具有不同作用效果的现象....,谭文绘 钱刚,0,2020年,N/A,http://www.wanfangdata.com.cn/link.do?url=BE78DC6926613EC3C61D070E578356F9C0FCD10AD4DC13D1A570C0F65213F934E7333D88E62F5656E4482B654AA454D40449AC4FCB6C7DE6E17676849563A34DAD247467AF2C4FA4D810D80BAC2D7980,N/A,N/A,L-丙氨酸;杂质;生长速率;分子模拟,万方期刊论文,L-异亮氨酸对L-丙氨酸晶体生长速率的影响
摘要：以L-苏氨酸生产菌Escherichia coli THRD为出发菌株，利用基因重组技术替换ilvLXGMEDA启动子并过表达解除L-异亮氨酸反馈抑制的ilvA和ilvIH，以期获得L-异亮氨酸生产菌.将ilvLXGMEDA启动子替换为强启动子Ptrc并敲除ilvLXGM后获得ILE01菌株，于该菌株中分别过表达解除L-异亮氨酸反馈抑制的ilvIH及共表达解除L-异亮氨酸反馈抑制的ilvA和ilvIH，获得菌株ILE02和ILE03，其L-异亮氨酸产量分别达到1.75 g/L和2.19g/L.针对ILE03 α-酮丁酸积累量过高的问题，通过改变操纵子中ilvA和ilvIH的顺序调节其转录水平，获得菌株ILE04，其L-异亮氨酸产量达2.85 g/L.利用ILE04于5L发酵罐中进行发酵实验，L-异亮氨酸产量、发酵强度及转化率分别为5.23 g/L、0.17 g/(L·h)及4.6％....,李燕军 张海宾 麻杰 张成林 谢希贤 陈宁,0,2020年,118,http://www.wanfangdata.com.cn/link.do?url=BE78DC6926613EC3C61D070E578356F9C0FCD10AD4DC13D1A570C0F65213F934E7333D88E62F5656E4482B654AA454D40449AC4FCB6C7DE662A62A28B791BD239FB4A367D68A7AA3CDAF45DE36D2103F,N/A,N/A,N/A,万方期刊论文,代谢工程改造大肠杆菌合成L-异亮氨酸的研究
摘要：本发明涉及一种生产L‑异亮氨酸的基因工程菌及其应用，属于代谢工程领域。所述基因工程菌是通过在宿主细胞中过表达解除L‑异亮氨酸反馈抑制乙酰羟酸合成酶编码基因ilvBNM、苏氨酸脱水酶编码基因ilvA以及苏氨酸操纵子thrABC获得，ilvBNM编码的乙酰羟酸合成酶在解除了L‑异亮氨酸对其的反馈抑制作用，且其活性较野生型ilvBN编码的乙酰羟酸合成酶未见明显降低；本发明所述的L‑异亮氨酸基因工程菌无营养缺陷、生长快、发酵周期短、产量高、转化率高，经过26‑36h发酵后，发酵液中的L‑异亮氨酸浓度达到42.5‑51.6g/L。,N/A,N/A,2019-10-08,0,http://www.wanfangdata.com.cn/link.do?url=BE78DC6926613EC3C61D070E578356F9C0FCD10AD4DC13D1A570C0F65213F934E7333D88E62F5656E4482B654AA454D4312CDE92A525D0EC36CED29C7AFF8979E3989BFED6DD77449967631112551B70B201677D17A0C195,N/A,天津科技大学,N/A,万方专利,一种生产L-异亮氨酸的基因工程菌及其应用
摘要：本发明公开了一种L‑异亮氨酸结晶制备工艺，步骤如下：常温下将L‑异亮氨酸加入到纯化水中，搅拌均匀，再加入亚硝酸，L‑异亮氨酸与亚硝酸的摩尔比为1∶1‑1.1，L‑异亮氨酸与水的重量比为1∶0.4；反应温度在40℃～70℃，溶液逐渐澄清，用亚硝酸调节溶液pH为1～2；溶液澄清后冷却至10℃～25℃，将析出的结晶进行固液分离；结晶物冲洗后于60℃～85℃干燥得L‑异亮氨酸亚硝酸盐成品，固液分离后的液体为母液继续循环使用。本发明一种L‑异亮氨酸结晶制备工艺，采用食品级的L‑异亮氨酸与化学试剂级的亚硝酸在常压下进行反应，反应条件温和，工艺合理简便，产品质量好纯度在99％以上。而且在生产中结晶后的母液可继续循环使用，收率高达到98％以上，适合工业化大生产。,N/A,N/A,2019-06-04,2,http://www.wanfangdata.com.cn/link.do?url=BE78DC6926613EC3C61D070E578356F9C0FCD10AD4DC13D1A570C0F65213F934E7333D88E62F5656E4482B654AA454D4312CDE92A525D0EC36CED29C7AFF8979AA0E7E23A28D33E6E674B18C4AF6265EB201677D17A0C195,N/A,张妮妮,N/A,万方专利,一种L-异亮氨酸结晶制备工艺
摘要：本发明提供了一种L‑异亮氨酸的分离纯化方法，属于生物工程领域。该方法包括以下步骤：(1)发酵液除杂：于L‑异亮氨酸发酵液中加入离子去除剂，加热后离心处理，得到上清液；(2)初步纯化：将步骤(1)所得上清液通过超滤膜进行超滤处理，得到滤清液；(3)高度纯化：将步骤(2)所得滤清液酸化处理后，加入001×7型强酸性苯乙烯系阳离子交换树脂动态吸附后，用洗脱剂洗脱，得到洗脱液；(4)结晶：调节步骤(3)所得洗脱液的pH值至7.5，加入乙醇进行结晶，真空干燥后得到L‑异亮氨酸。本发明能有效去除发酵液中的杂质，提高L‑异亮氨酸的提取率和品质，可广泛应用于L‑异亮氨酸的工业制备中。,N/A,N/A,2019-06-07,1,http://www.wanfangdata.com.cn/link.do?url=BE78DC6926613EC3C61D070E578356F9C0FCD10AD4DC13D1A570C0F65213F934E7333D88E62F5656E4482B654AA454D4312CDE92A525D0EC36CED29C7AFF8979E3989BFED6DD77449D01549594911FC2B201677D17A0C195,N/A,内蒙古拜克生物有限公司,N/A,万方专利,一种L-异亮氨酸的分离纯化方法
摘要：凤尾鱼酶解物(AFH)通过大孔树脂吸附处理后，发现DA201-C型大孔树脂为最佳吸附材料.在单因素实验基础上，以腥味、色泽和回收率为评价指标，运用正交实验L9(34)优化了DA201-C型大孔树脂对凤尾鱼酶解产物脱腥脱色工艺，得到最佳条件为:pH6，大孔树脂量5％，脱腥脱色时间1.5 h，以及温度25℃，该条件下感官评定综合评分为84.36.同时，研究表明脱腥脱色后，凤尾鱼酶解产物中牛磺酸、丙氨酸、甲硫氨酸和异亮氨酸呈显著性降低(P＜0.01)，挥发性物质成分中醛和含氮类化合物相对含量呈显著性降低....,盛洁 胡凌豪 陈建康 宋益善,0,2020年,0,http://www.wanfangdata.com.cn/link.do?url=BE78DC6926613EC3C61D070E578356F9C0FCD10AD4DC13D1A570C0F65213F934E7333D88E62F5656E4482B654AA454D40449AC4FCB6C7DE6905B5E2A39265CA82B09DD9867C831EFA320A74D0CFCB1B1,N/A,N/A,N/A,万方期刊论文,凤尾鱼酶解产物脱腥脱色工艺优化
摘要：本发明提供了一种L‑异亮氨酸的生产方法，涉及生物化工领域，将膜分离法、沉降法与离子交换法相结合，避免了膜处理法及离子交换法中膜及离子交换树脂易受污染的问题，并解决了发酵过程中废液铵氮含量高、反渗透膜处理过程及离子交换过程中使用大量酸碱及废液废弃问题，稳定、高效且环保，得到的L‑异亮氨酸具有高纯度及高产率的特点。,N/A,N/A,2019-03-22,4,http://www.wanfangdata.com.cn/link.do?url=BE78DC6926613EC3C61D070E578356F9C0FCD10AD4DC13D1A570C0F65213F934E7333D88E62F5656E4482B654AA454D4312CDE92A525D0EC36CED29C7AFF8979E3989BFED6DD7744FEFF2ABA709A89ABB201677D17A0C195,N/A,内蒙古拜克生物有限公司,N/A,万方专利,一种L-异亮氨酸的生产方法
摘要：为了提高L-异亮氨酸生产菌株Corynebacterium glutamicum LD320的产酸水平，通过改善其分泌系统，在C. glutamicum LD320中分别过表达突变型和野生型的双组份转运系统BrnFE操纵子，构建了重组菌LD320/pXMJ19-brnFE和LD320/pXMJ19-brnFE1。通过对两株重组菌的L-异亮氨酸生产分析比较，发现突变型比野生型能更有效地提高 L-异亮氨酸产量。同时对 LD320/pXMJ19-brnFE1进行表面活性剂添加实验，发现Tween-80为最佳选择，其最佳添加量为0.5 g/L，最佳添加时间为对数期的16 h。最后通过7 L发酵罐放大实验，LD320/pXMJ19-brnFE1的L-异亮氨酸产量由18.53 g/L提高到25.45 g/L，比对照组提高了37%。...,李忠财 董会娜 丛丽娜 张大伟,0,2020年,50,http://www.wanfangdata.com.cn/link.do?url=BE78DC6926613EC3C61D070E578356F9C0FCD10AD4DC13D1A570C0F65213F934E7333D88E62F5656E4482B654AA454D40449AC4FCB6C7DE60CD3398900D9ED977365D7CCA054C45959C3263DF43D8561,N/A,N/A,N/A,万方期刊论文,双组份转运系统BrnFE的过表达和表面活性剂的添加对谷氨酸棒杆菌发酵生产L-异亮氨酸的影响
"摘要：本研究旨在探讨饲粮添加异亮氨酸是否可以缓解轮状病毒(RV)感染对断奶仔猪回肠屏障功能的影响.在细胞试验中，用8 mmol/L的L-异亮氨酸处理IPEC-J2细胞24 h;在动物饲养试验中，选取28头健康的21日龄断奶的""杜×长×大""仔猪，采用2×2双因子设计，即饲粮处理(添加1％L-异亮氨酸饲粮或添加0.68％L-丙氨酸饲粮)和RV攻毒(灌服RV或无菌培养液)，RV攻毒于试验第15天早上进行.试验期为18 d.结果表明，L-异亮氨酸处理提高了IPEC-J2细胞中黏液蛋白2(mucin 2)、闭锁小带蛋白-1(ZO-1)和闭合蛋白(occludin)的mRNA相对表达量(P<0.05);RV攻毒提高了断奶仔猪平均腹泻指数和血清二胺氧化酶活性(P<0.05)，提高了回肠黏膜中RV的非结构蛋白4阳性率，降低了断奶仔猪回肠黏膜中mucin 2、ZO-1和occludin mRNA相对表达量(P<0.05);而饲粮添加异亮氨酸缓解了RV攻毒对断奶仔猪平均腹泻指数、血清二胺氧化酶活性和回肠黏膜mucin 2、ZO-1和occludin mRNA相对表达量的影响(P<0.05)，降低了回肠黏膜中RV的非结构蛋白4阳性率.综上所述，在断奶仔猪的饲粮中补充1％异亮氨酸可以预防RV诱导发生的腹泻，而这一作用与其可改善回肠屏障功能有关....",毛湘冰 古长松 陈代文 余冰 何军 郑萍 虞洁 罗钧秋 罗玉衡,0,2020年,4,http://www.wanfangdata.com.cn/link.do?url=BE78DC6926613EC3C61D070E578356F9C0FCD10AD4DC13D1A570C0F65213F934E7333D88E62F5656E4482B654AA454D40449AC4FCB6C7DE68F8CC7190CB846C2976D8D8880360FA78F59E2CA84F0D7A4,N/A,N/A,N/A,万方期刊论文,饲粮添加异亮氨酸对轮状病毒攻毒断奶仔猪回肠屏障功能的影响
摘要：本发明属于L‑异亮氨酸提取工艺领域，公开了一种利用色谱技术提取L‑异亮氨酸的方法，其包括如下步骤：步骤1)发酵，步骤2）过滤，步骤3）色谱纯化，步骤4）制备成品。本发明发酵效率高，提取过程中基本实现了L‑异亮氨酸与蛋白质、糖、无机盐、杂酸之间的彻底分离，提取过程全自动化，劳动强度低，生产成本降低，符合节能环保理念。,N/A,N/A,2019-05-24,1,http://www.wanfangdata.com.cn/link.do?url=BE78DC6926613EC3C61D070E578356F9C0FCD10AD4DC13D1A570C0F65213F934E7333D88E62F5656E4482B654AA454D4312CDE92A525D0EC36CED29C7AFF897918F6918C21D0C219B00A03024A56D9CCB201677D17A0C195,N/A,新疆阜丰生物科技有限公司,N/A,万方专利,一种利用色谱技术提取L-异亮氨酸的方法
摘要：苏氨酸脱水酶(TD)和乙酰羟基氨酸合酶(AHAS)是谷氨酸棒状杆菌(Corynebacterium glutamicum)合成L-异亮氨酸的关键酶.TD受L-异亮氨酸反馈抑制，AHAS受三支链氨基酸的反馈抑制.通过研究分析L-异亮氨生产菌C.glutamicum JHI3-156中突变型TD1及AHAS1，发现TD1有一个突变氨基酸，AHAS1有三个突变氨基酸;将TD，TD1，AHAS和AHAS1在Escherichia coli BL21 (DE3)中过量表达，经提取纯化及酶活测定，发现相比野生型TD，突变型TD1体现较高的酶活水平，完全不再受L-异亮氨酸反馈抑制;相比野生型AHAS，突变型AHAS1对较高浓度的L-异亮氨酸更耐受....,吴锦荣 李西君 刘世周 薄文文 王玉杰,2,2020年,24,http://www.wanfangdata.com.cn/link.do?url=BE78DC6926613EC3C61D070E578356F9C0FCD10AD4DC13D1A570C0F65213F934E7333D88E62F5656E4482B654AA454D40449AC4FCB6C7DE662A62A28B791BD239FB4A367D68A7AA39DCC1DAC5C551BEA,N/A,N/A,突变型TD1;突变型AHAS1;酶活测定;L-异亮氨酸;抗反馈抑制,万方期刊论文,L-异亮氨酸生产菌Corynebacterium glutamicum JHI3-156中突变酶TD1及AHAS1的初研究
摘要：以谷氨酸棒状杆菌（C orynebacterium glutam icum）为出发菌株，利用低能氮离子束注入对其进行多次诱变，结合异亮氨酸氧肟酸盐（IleH x）等氨基酸结构类似物定向筛选，得到一株稳定的高产L-异亮氨酸菌株：摇瓶培养72 h，产酸可达21~22 g/L，在50 L发酵罐上发酵51 h，产酸可达32 g/L。...,谢飞 崔国英 王翀 江兵 沈联兵 虞龙,3,2020年,45,http://www.wanfangdata.com.cn/link.do?url=BE78DC6926613EC3C61D070E578356F9C0FCD10AD4DC13D1A570C0F65213F934E7333D88E62F5656E4482B654AA454D40449AC4FCB6C7DE67926270CF98E56EC53F82D9B5EA069B68A8E08BF2358EF58,N/A,N/A,N/A,万方期刊论文,L-异亮氨酸高产菌种的选育研究
摘要：本发明公开了一种提高L‑异亮氨酸产量的方法，属于微生物发酵技术领域。本发明将发酵培养基中的传统氮源(如玉米浆等)替换为由豆饼粉、棉籽蛋白、麦芽汁、小麦胚芽粉以及干酪素按一定的比例配制而成的复合氮源以发酵生产L‑异亮氨酸；本发明的复合氮源可成功将以乳糖发酵短杆菌(Brevibacterium lactofermentation)发酵生产L‑异亮氨酸的产量从13g/L提高到18g/L。,N/A,N/A,2018-11-27,2,http://www.wanfangdata.com.cn/link.do?url=BE78DC6926613EC3C61D070E578356F9C0FCD10AD4DC13D1A570C0F65213F934E7333D88E62F5656E4482B654AA454D4312CDE92A525D0EC36CED29C7AFF8979AE86885A70FE00567BD659A208FC24EEB201677D17A0C195,N/A,无锡晶海氨基酸股份有限公司,N/A,万方专利,一种提高L-异亮氨酸产量的方法
摘要：本发明公开了一种高效生产L‑异亮氨酸的方法，属于微生物发酵技术领域。本发明以乳糖发酵短杆菌(Brevibacterium lactofermentation)作为L‑异亮氨酸的生产菌株，将乳糖发酵短杆菌(Brevibacterium lactofermentation)与北京棒杆菌(Corynebacterium pekinense)进行共培养，使得乳糖发酵短杆菌(Brevibacterium lactofermentation)的产酸能力显著提升，从13g/L提高到21g/L，已可满足工业化生产需求。,N/A,N/A,2018-11-20,4,http://www.wanfangdata.com.cn/link.do?url=BE78DC6926613EC3C61D070E578356F9C0FCD10AD4DC13D1A570C0F65213F934E7333D88E62F5656E4482B654AA454D4312CDE92A525D0EC36CED29C7AFF8979AE86885A70FE00566F24E1A49DD3E265B201677D17A0C195,N/A,无锡晶海氨基酸股份有限公司,N/A,万方专利,一种高效生产L-异亮氨酸的方法
摘要：本发明公开了一种产L‑异亮氨酸的谷氨酸棒杆菌(Corynebacterium glutamicum)基因工程菌，其在出发菌株基因组中敲除了编码二氨基庚二酸脱氢酶的ddh基因，所述ddh基因的核苷酸序列如SEQ ID No:2所示；插入了编码天冬氨酸激酶的lysC操纵子，所述lysC操纵子含lysC突变基因、其5’端的启动子和3’端的终止子，其中所述lysC突变基因的核苷酸序列如SEQ ID No:1所示；且所述出发菌株为保藏号为CCTCC NO:M2016609的C.glutamicum H5ΔargGΔalaT::ilvC。本发明还公开了所述基因工程菌的制备方法和应用。本发明所述基因工程菌L‑异亮氨酸的产量增加了5％，代谢支路的副产物赖氨酸的合成减弱了45.24％，降低了生产成本，具有广阔的工业应用前景。,N/A,N/A,2019-03-29,1,http://www.wanfangdata.com.cn/link.do?url=BE78DC6926613EC3C61D070E578356F9C0FCD10AD4DC13D1A570C0F65213F934E7333D88E62F5656E4482B654AA454D4312CDE92A525D0EC36CED29C7AFF897918F6918C21D0C219FCB9B86073117C4EB201677D17A0C195,N/A,武汉远大弘元股份有限公司,N/A,万方专利,一种产L-异亮氨酸的基因工程菌及其构建方法和应用
摘要：以黄色短杆菌BF420为出发菌株，经紫外线和亚硝基胍复合诱变处理后，单菌落分离筛选到一株营养缺陷型突变菌株BF35(Lys-).进一步采用氨基酸结构类似物S-2-氨基乙基-L-半胱氨酸(AEC)、α-氨基丁酸(α-AB)进行抗性筛选，获得一株带有遗传标记的L-异亮氨酸高产突变株BF3510(Lys-+AECr +a-ABr).该菌株在培养基未优化的条件下摇瓶产酸量为6.4g·L-1，比出发菌株增加了83％....,谢兰香 沈加彬 罗磊 施碧红 施巧琴 黄祥峰 吴松刚,1,2020年,67,http://www.wanfangdata.com.cn/link.do?url=BE78DC6926613EC3C61D070E578356F9C0FCD10AD4DC13D1A570C0F65213F934E7333D88E62F5656E4482B654AA454D40449AC4FCB6C7DE6DB74E2E503B6248DBF52FA35D87858D7FB2D926A22CB4928B201677D17A0C195,N/A,N/A,L-异亮氨酸;黄色短杆菌;诱变;育种,万方期刊论文,L-异亮氨酸产生菌的选育
摘要：本发明公开了一种提高L‑异亮氨酸产量的方法，属于微生物发酵技术领域。本发明以以钝齿棒杆菌(Corynebacterium crenatum)作为生产菌株，在以钝齿棒杆菌(Corynebacterium crenatum)的发酵培养基中添加脂肪酸和/或氯高铁血红素以提高其产酸水平，成功将以钝齿棒杆菌(Corynebacterium crenatum)产L‑异亮氨酸的产量从15g/L提高到了19g/L。,N/A,N/A,2018-11-13,0,http://www.wanfangdata.com.cn/link.do?url=BE78DC6926613EC3C61D070E578356F9C0FCD10AD4DC13D1A570C0F65213F934E7333D88E62F5656E4482B654AA454D4312CDE92A525D0EC36CED29C7AFF8979AE86885A70FE00568DDBB2A55B880A0CB201677D17A0C195,N/A,无锡晶海氨基酸股份有限公司,N/A,万方专利,一种提高L-异亮氨酸产量的方法
摘要：本申请涉及具有L‑异亮氨酸生产能力和包含具有柠苹酸合成酶活性的蛋白质的棒状杆菌属某种微生物，和通过使用其生产L‑异亮氨酸的方法。,N/A,N/A,2018-08-03,4,http://www.wanfangdata.com.cn/link.do?url=BE78DC6926613EC3C61D070E578356F9C0FCD10AD4DC13D1A570C0F65213F934E7333D88E62F5656E4482B654AA454D4312CDE92A525D0EC36CED29C7AFF8979AFB3E16CC55DC9A0F004F4A84E50DB3AB201677D17A0C195,N/A,CJ第一制糖株式会社,N/A,万方专利,具有L-异亮氨酸生产能力的棒状杆菌属某种微生物和使用其生产L-异亮氨酸的方法
摘要：本实验旨在研究生长中期花鲈对饲料L-异亮氨酸的需要量.选取初始体质量(159.33±1.20)g的花鲈为实验对象，在基础饲料中梯度添加晶体L-异亮氨酸，配制出异亮氨酸实测含量分别为0.72％、1.11％、1.53％、1.93％、2.31％和2.72％的6种饲料，在海水浮式网箱中进行10周养殖实验.实验结果表明，随饲料中L-异亮氨酸含量的升高，花鲈增重率(WGR)、饲料效率(FE)及蛋白质沉积率(PR)均呈现先上升后下降的趋势，各组间差异显著(P＜0.05)，且在1.93％L-异亮氨酸饲料组出现最大值，分别为108.55％、0.89、和37.57％.饲料中L-异亮氨酸含量对存活率(SR)、摄食率(FI)、肝体比(HSI)、脏体比(VSI)、肥满度(CF)、体组成和肌肉氨基酸组成均无显著影响(P＞0.05).肝脏谷草转氨酶(GOT)、谷丙转氨酶(GPT)活力随饲料中L-异亮氨酸含量的升高呈现先上升后下降的趋势，各组间差异显著(P＜0.05).饲料中L-异亮氨酸含量对血清甘油三酯(TG)含量有显著影响(P＜0.05)，在L-异亮氨酸含量为1.93％时达到最大值，显著高于0.72％和1.11％组(P＜0.05)，但与其他各组差异不显著(P＞0.05).饲料中L-异亮氨酸含量对血清谷草转氨酶(GOT)、谷丙转氨酶(GPT)活力、血清总胆固醇(TC)含量无显著影响(P＞0.05).以增重率(WGR)和蛋白质沉积率(PR)为评价指标，得出生长中期花鲈对饲料中L-异亮氨酸的需求量分别为1.88％和1.84％饲料干重，占饲料蛋白质的4.41％和4.32％....,路凯 徐玮 麦康森 王震 严晶 徐瀚林 艾庆辉,9,2020年,N/A,http://www.wanfangdata.com.cn/link.do?url=BE78DC6926613EC3C61D070E578356F9C0FCD10AD4DC13D1A570C0F65213F934E7333D88E62F5656E4482B654AA454D40449AC4FCB6C7DE6905B5E2A39265CA8A4E28BF5E5DDD072C7DBB55ED3B6BC73,N/A,N/A,N/A,万方期刊论文,生长中期花鲈对L-异亮氨酸需要量的研究
摘要：利用PCR介导的定点突变技术构建包含β4亚基的烟碱型乙酰胆碱受体点突变体模型，同时采用双电极电压钳技术，对激动剂ACh和拮抗剂α-CTx RegIIA对突变受体的活性进行检测.结果 表明:β4亚基胞外N端序列第168位的异亮氨酸(Ile)成功突变成了丝氨酸(Ser)，突变后的受体对激动剂ACh的活性降低，对拮抗剂α-CTx RegIIA的活性降低了1.4倍，半阻断剂量(IC50)为170 nmol·L-1....,张璐 朱晓鹏 长孙东亭 罗素兰,0,2020年,0,http://www.wanfangdata.com.cn/link.do?url=BE78DC6926613EC3C61D070E578356F9C0FCD10AD4DC13D1A570C0F65213F934E7333D88E62F5656E4482B654AA454D40449AC4FCB6C7DE6E17676849563A34D919528A1B55C63AB1D93947A90D84B24208A995C1FB7D019,N/A,N/A,N/A,万方期刊论文,烟碱型乙酰胆碱受体β4亚基点突变体的构建
摘要：本发明公开了一种L‑异亮氨酸对甲基苯磺酸一水合物晶体及其制备方法和用途，这种新化合物晶体含有1摩尔L‑异亮氨酸、1摩尔对甲基苯磺酸和1摩尔水，其制备方法是在含有L‑异亮氨酸的水溶液中加入对甲基苯磺酸一水合物或对甲基苯磺酸的水溶性盐，搅拌加热溶解，调节pH值为0.4～2.4后冷却该反应液，析出结晶，分离结晶和母液，再经真空干燥，得到L‑异亮氨酸对甲基苯磺酸一水合物晶体，其用途是用于制备高纯度L‑异亮氨酸，既能获得高纯度，又能获得高收率，关键物料(对甲基苯磺酸一水合物或对甲基苯磺酸的水溶性盐)可以循环利用，废水排放少，适合于工业化生产。,N/A,N/A,2019-03-01,0,http://www.wanfangdata.com.cn/link.do?url=BE78DC6926613EC3C61D070E578356F9C0FCD10AD4DC13D1A570C0F65213F934E7333D88E62F5656E4482B654AA454D4312CDE92A525D0EC36CED29C7AFF897918F6918C21D0C21915A0BF59CB7A4B5AB201677D17A0C195,N/A,宜昌三峡普诺丁生物制药有限公司,N/A,万方专利,L-异亮氨酸对甲基苯磺酸一水合物晶体及其制备方法和用途
摘要：目的 分析新生大鼠坏死性小肠结肠炎(necrotizing enterocolitis，NEC)肠道内容物代谢轮廓的变化和特征，探讨潜在的NEC生物标志物.方法 新生3日龄大鼠均采用特殊配方奶(15 g雀巢早产儿奶粉加入75 ml Pat-Ag幼犬专用奶中配制而成)喂养，随机分为对照组(n=8)及NEC组(n=12)，NEC组以3次/d，连续3d进行4℃冷刺激10 min +95％ N2缺氧10 min诱导建立.造模结束后处死所有大鼠，回结肠部位的肠道内容物以灌流方式取出，冻干后进行基于超高效液相色谱-组合型四级杆Orbitrap质谱仪(UHPLC-QE-MS)的非靶向代谢物检测，并用SIMCA软件对代谢物测定结果进行多元变量统计分析;回肠组织切片进行苏木精-伊红染色并行病理评分.结果 NEC组病理评分显著高于对照组[(3.13±0.83)分比(0.25±0.46)分，P＜0.001]，正离子扫描(ESI+)模式下正交偏最小二乘判别分析(OPLS-DA)模型R2(x)=0.604，R2(y)=0.583，Q2=0.960，负离子扫描(ESI-)模式下OPLS-DA模型R2(x) =0.828，R2(y) =0.999，Q2 =0.713，对照组和NEC组大鼠肠内容物代谢轮廓存在显著差异.对照组和NEC组之间存在48个差异代谢物，其中ESI-模式筛选出22个差异代谢物，包括L-别异亮氨酸(+221％)、D-苯丙氨酸(+230％)、L-组氨酸(+284％)、黄嘌呤(+207％)、谷氨酰亮氨酸(+246％)、阿洛糖(-70％)、肉豆蔻酸(-57％)和十五烷酸(-35％)等;ESI+模式下筛选出26个差异代谢物，包括鸟氨酸(+268％)、D-亮氨酸(+176％)、L-异亮氨酸(+213％)、乙酰胆碱(+195％)、烟酰胺腺嘌呤二核苷酸(+199％)、瓜氨酸(+158％)、胞嘧啶(-58％)、黄尿酸(-64％)等.差异代谢物进行京都基因与基因组百科全书(KEGG)分析可映射到33条不同的代谢通路，MetaboAnalyst软件的通路富集分析和通路拓扑分析表明精氨酸和脯氨酸代谢通路、组氨酸代谢通路和谷胱甘肽代谢通路在NEC组出现较大扰动.结论 NEC大鼠肠内容物代谢轮廓显著偏离于正常大鼠，以氨基酸蓄积为主要特征，主要涉及精氨酸、脯氨酸、组氨酸和谷胱甘肽代谢通路.检测肠内容物代谢组尤其是氨基酸代谢组对NEC诊断可能有重要意义，改善肠道微环境可能是防治NEC的关键策略....,张雯婷 薛鹏 姜春红 周晓鹰 郝武娟 余梦秋 屠文娟,0,2020年,N/A,http://www.wanfangdata.com.cn/link.do?url=BE78DC6926613EC3C61D070E578356F9C0FCD10AD4DC13D1A570C0F65213F934E7333D88E62F5656E4482B654AA454D40449AC4FCB6C7DE6603A2EC5FA626A9F8AC8F9ABBF944C879BF94302E6572476,N/A,N/A,N/A,万方期刊论文,新生大鼠坏死性小肠结肠炎肠道内容物非靶向代谢组学研究
摘要：[目的]克隆并表达来源于苏云金芽孢杆菌(Bacillus thuringiensis)TCCC 11826的L-异亮氨酸羟化酶(L-isoleucine-4-hydroxylase，IDO)，测定重组IDO酶学特性并构建用于4-羟基异亮氨酸(4-Hydroxyisoleucine，4-HIL)微生物转化的重组菌株，以考察该酶在4-HIL合成中的潜在应用价值.[方法]以B.thuringiensis TCCC 11826基因组为模板PCR扩增ido基因并构建该基因过表达菌株BL-IDO;采用Ni-NTA亲和层析法分离纯化重组IDO后检测其酶学特性;构建重组株菌W3110-IDO进行4-HIL的微生物转化.[结果]克隆B.thuringiensis TCCC 11826的ido基因，测序结果显示该基因含723个核苷酸，编码240个氨基酸，与已报道的B.thuringiensis 2-e-2的ido基因相似度分别为97.47％和97.91％.此IDO含有His1-X-Asp/Glu-Xn-His2基序，属于Fe2+和α-酮戊二酸依赖型羟化酶家族;酶学实验表明该酶能够特异性地催化L-异亮氨酸生成(2S，3R，4S)-4-HIL，其Km和Vmax分别为0.18 mmol/L和2.10μmol/min/mg，最适反应温度和pH分别为35℃和7.0，该酶于35℃条件下放置5h后仍具有85.1％的活性;在Escherichia coli W3110中过表达重组IDO，在未经优化条件下4-HIL最高转化率达89.28％.[结论]获得IDO编码基因序列(Accession No.KC884243)并首次较为系统地研究了其酶学特性，该酶反应条件温和且具有较高的活性及稳定性，在酶法或微生物转化法合成4-HIL中有较广泛的应用价值.本研究可为4-HIL及其它氨基酸衍生物的生物制造技术奠定理论基础....,张成林 刘远 薛宁 王鑫鑫 谢希贤 徐庆阳 陈宁,4,2020年,N/A,http://www.wanfangdata.com.cn/link.do?url=BE78DC6926613EC3C61D070E578356F9C0FCD10AD4DC13D1A570C0F65213F934E7333D88E62F5656E4482B654AA454D40449AC4FCB6C7DE6E11CFAFBFB66F5D2C167C63212D4B9BD0D97A1B50BCAE77E,N/A,N/A,N/A,万方期刊论文,苏云金芽孢杆菌重组L-异亮氨酸羟化酶的酶学性质及其在4-羟基异亮氨酸合成中的应用
摘要：目的 研究宽筋藤(中华青牛胆Tinospora sinensis藤茎)的化学成分.方法 利用硅胶、Sephadex LH-20等柱色谱和半制备HPLC等进行分离和纯化，根据波谱数据和理化性质对化合物的结构进行鉴定.结果 从宽筋藤的正丁醇萃取部位中分离得到16个化合物，分别鉴定为紫丁香苷(1)、corchoionoside C(2)、3，4-二甲氧基苯基-β-D-吡喃葡萄糖苷(3)、肉桂醇-O-β-D-吡喃葡萄糖苷(4)、3，4，5-二甲氧基苯酚-β-D-吡喃葡萄糖苷(5)、benzyl-β-D-glucopyranoside (6)、丁香酸(7)、3，5-二甲氧基苯甲酸-4-O-β-D-葡萄糖苷(8)、1，4-dihydroxymethyl-2，5-dimethoxy benzene (9)、l-[2-(furan-2-yl)-2-oxoethyl]pyrrolidin-2-one (10)、cordysinin B(11)、lyciumide A(12)、酪氨酸(13)、环(亮氨酸-异亮氨酸)(14)、表丁香树脂醇(15)、(+)-syringaresinol-4'O-β-D-glucopyranoside (16).结论 化合物2、9～14均为首次从青牛胆属植物中分离得到....,詹煌 陈佳倩 朱梦贞 张火娥 万思媛 黄丽萍 黄慧莲,0,2020年,N/A,http://www.wanfangdata.com.cn/link.do?url=BE78DC6926613EC3C61D070E578356F9C0FCD10AD4DC13D1A570C0F65213F934E7333D88E62F5656E4482B654AA454D40449AC4FCB6C7DE67926270CF98E56EC5C4B84DF65C2BAD8F07881D13B46793C,N/A,N/A,N/A,万方期刊论文,宽筋藤正丁醇部位的化学成分研究
摘要：目的:探讨1例家族性男性性早熟(familial male-limited precocious puberty，FMPP)患儿的临床特征，并对黄体生成素/人绒毛膜促性腺激素受体(luteinizing hormone/choriogonadotropin receptor，LHCGR)基因进行突变分析.方法:收集1例2岁5个月FM PP患儿的临床资料，包括性征、实验室相关检查结果等，并对患儿及其父母外周血白细胞L HCGR基因的11个外显子编码区进行测序.结果:患儿身高98 cm，双侧睾丸3.5 mL，阴茎长7 cm、横径2 cm，阴毛PH2期;血睾酮3.09ng/mL，促黄体生成素基础值<0.1mU/mL，卵泡刺激素基础值0.2mU/mL，促性腺激素释放激素激发试验中促黄体生成素峰值0.88 mU/mL、卵泡刺激素峰值1.35 mU/mL，符合外周性性早熟表现.进一步行PCR扩增片段测序显示，LHCGR基因第11外显子1723A>C突变，导致575位氨基酸残基由异亮氨酸变为亮氨酸.患儿母亲检测到相同的基因突变位点，但未出现青春期发育异常.结论:FM PP是外周性性早熟罕见病因，本病例有典型的临床表现，检测发现L HCGR基因杂合突变c.1723A>C(p.Ile575Leu)，母子具有相同基因型但表型不同，可能与女性雌激素的产生和卵泡发育需要LH和FSH的共同参与及青春期前女性性腺上不表达或低表达L HCGR有关....,杨海花 陈永兴 卫海燕,0,2020年,2,http://www.wanfangdata.com.cn/link.do?url=BE78DC6926613EC3C61D070E578356F9C0FCD10AD4DC13D1A570C0F65213F934E7333D88E62F5656E4482B654AA454D40449AC4FCB6C7DE67926270CF98E56EC5DB5793E656C9AA4891B733188C09F7F,N/A,N/A,N/A,万方期刊论文,LHCGR基因突变所致家族性男性性早熟家系分析
摘要：氯化石蜡(chlorinated paraffins，CPs)在中国大量生产和使用，导致其在环境介质中的含量较高.采用拟靶向代谢组学技术，比较研究了短、中和长链氯化石蜡在人体内暴露水平下(100μg·L-1)对HepG2细胞代谢的影响.结果表明，短、中和长链氯化石蜡暴露引起了HepG2细胞增殖活力的降低与代谢活动的显著变化.短链氯化石蜡(SCCPs)暴露对细胞代谢的影响强度略高于中链氯化石蜡(MCCPs)和长链氯化石蜡(LCCPs).3种氯化石蜡均显著扰乱了脂质代谢，且影响程度相近.显著受影响的代谢通路包括:甘油磷脂代谢、亚油酸代谢、α-亚麻酸代谢、花生四烯酸代谢和鞘磷脂代谢.同时，3种氯化石蜡暴露也显著扰乱了甘氨酸、丝氨酸和苏氨酸代谢，缬氨酸、亮氨酸和异亮氨酸生物合成，牛磺酸和亚牛磺酸代谢;此外，LCCPs还扰乱了苯丙氨酸、酪氨酸和色氨酸生物合成通路.相比于SCCPs和MCCPs，LCCPs对氨基酸代谢表现出更强的干扰效应....,任晓倩 张海军 耿柠波 王菲迪 张保琴 罗云 陈吉平,0,2020年,0,http://www.wanfangdata.com.cn/link.do?url=BE78DC6926613EC3C61D070E578356F9C0FCD10AD4DC13D1A570C0F65213F934E7333D88E62F5656E4482B654AA454D40449AC4FCB6C7DE63A91A5D67A239F907F714FD5A83EF21F893385520BCA330F,N/A,N/A,N/A,万方期刊论文,短、中、长链氯化石蜡暴露对细胞代谢影响的比较研究
摘要：L-异亮氨酸是人体必需氨基酸之一，具有很大的商业价值.在谷氨酸棒杆菌中，合成一分子L-异亮氨酸需要消耗四分子NADPH.因此，提高胞内NADPH浓度是提高L-异亮氨酸产量的重要手段之一.在乳糖发酵短杆菌JHI3-156中过量表达酿酒酵母的NADH激酶编码基因POS5△MTS，发酵48 h表达菌株JHI3-156/pDXW-10-POS5△MTS的胞内NADP+浓度增加了27μmol/L(17％)，NADPH浓度增加了36 μmol/L (96％);发酵72 h后L-异亮氨酸产量是(3.02±0.52)g/L，比对照菌(1.96±0.04) g/L提高了54％.本研究表明，过表达POS5△MTS基因能提高NADPH的供应，促进了L-异亮氨酸的生物合成....,李坤 还晓静 史锋 王小元,1,2020年,86,http://www.wanfangdata.com.cn/link.do?url=BE78DC6926613EC3C61D070E578356F9C0FCD10AD4DC13D1A570C0F65213F934E7333D88E62F5656E4482B654AA454D40449AC4FCB6C7DE60CD3398900D9ED9747DDA861F19AC505EB86E3965DA0A036,N/A,N/A,N/A,万方期刊论文,酿酒酵母POS5基因过表达对L-异亮氨酸合成的促进作用
摘要：以解除了异亮氨酸反馈抑制作用的大肠杆菌N12为出发菌株，用硫酸二乙酯(DES)进行多轮随机诱变，筛选得到蛋氨酸、亮氨酸和赖氨酸营养缺陷型突变菌株大肠杆菌NMLL(Met-+Leu-+Lys-)，经测试其遗传性状稳定，并在研究葡萄糖、硫酸铵、玉米浆3个单因素试验的基础上，用Design Expert软件的Box-Behnken Design(BBD)建立响应面模型优化了此菌株的发酵条件.结果表明:经诱变育种后，未经优化条件下发酵48 h时，产酸量较菌株N12提高了46.2％.采用响应面法对大肠杆菌NMLL发酵条件进行优化，得到最佳条件为:葡萄糖116.40 g/L、玉米浆12.03mL/L、硫酸铵40.00 g/L、磷酸二氢钾0.05 g/L、MgSO4· 7H2O 2.5 g/L、FeSO4· 7H2O 0.01 g/L、CaCO32.0 g/L，在此条件下L-异亮氨酸的产量为4.62 g/L，与预测值(4.43 g/L)吻合度较高.通过发酵对比试验可见，优化后产酸量提高40.43％....,于丽男 刘慧燕 方海田 吴庆 王梦娇 张惠玲,0,2020年,N/A,http://www.wanfangdata.com.cn/link.do?url=BE78DC6926613EC3C61D070E578356F9C0FCD10AD4DC13D1A570C0F65213F934E7333D88E62F5656E4482B654AA454D40449AC4FCB6C7DE6905B5E2A39265CA868C57B9070B2933951EDCBBCABA4CA34,N/A,N/A,大肠杆菌;L-异亮氨酸;菌种选育;响应面;培养条件,万方期刊论文,L-异亮氨酸高产菌种的选育与响应面法优化发酵培养条件的研究
摘要：本发明涉及一种发酵提取L‑异亮氨酸的工艺，其包括如下步骤：步骤1)发酵制备L‑异亮氨酸，步骤2)脱色，步骤3)浓缩和粗结晶，步骤4)除杂和结晶，通过上述步骤制得高纯度的精品L‑异亮氨酸。本发明工艺发酵效率高，操作简单，自动化程度高，并且摒弃了传统的离子交换步骤、节能环保。,N/A,N/A,2018-07-17,12,http://www.wanfangdata.com.cn/link.do?url=BE78DC6926613EC3C61D070E578356F9C0FCD10AD4DC13D1A570C0F65213F934E7333D88E62F5656E4482B654AA454D4312CDE92A525D0EC36CED29C7AFF8979AA0E7E23A28D33E66BFAE498C02F5C4FB201677D17A0C195,N/A,新疆阜丰生物科技有限公司,N/A,万方专利,一种发酵提取L-异亮氨酸的工艺
摘要：以苹果属(Malus)植物沧江海棠(M.ombrophila Hand.-Mazz)的果实为材料，对其发育过程中苹果酸的含量进行测定，并结合转录组测序的方法筛选控制果实酸度的候选基因.结果 显示:MdPH1候选基因的编码区包含2829 bp，编码942个氨基酸;基因组序列全长为4269 bp，包含8个外显子和7个内含子.对10份苹果种质资源中PH1基因序列的分析结果表明，该基因序列中存在22个单核苷酸多态性(SNP)，其中13个位于内含子区，9个位于外显子区;位于最后一个外显子上SNP(G/A)的变异导致了编码氨基酸从缬氨酸变为异亮氨酸.MdPH1蛋白包含8个跨膜结构域，其中蛋白N端包含3个跨膜结构域，C端包含5个跨膜结构域.系统进化分析结果显示，苹果中的PH家族成员与梨(Pyrus communis L.)中的PH家族成员聚集成一簇.组织特异性表达结果发现，MdPH1基因在苹果果实中的表达量最高，其次是叶、花和根，茎中表达量最低.亚细胞定位分析表明MdPH1蛋白定位于液泡膜上....,齐彤辉 高萌 袁阳阳 李明军 马锋旺 马百全,0,2020年,N/A,http://www.wanfangdata.com.cn/link.do?url=BE78DC6926613EC3C61D070E578356F9C0FCD10AD4DC13D1A570C0F65213F934E7333D88E62F5656E4482B654AA454D40449AC4FCB6C7DE6E11CFAFBFB66F5D2CA9E458D6734E01DC7D8857E11462FDF,N/A,N/A,N/A,万方期刊论文,苹果酸度相关基因MdPH1的克隆、表达及亚细胞定位分析
摘要：为考察组成型过表达异亮氨酸羟化酶(isoleucine dioxygenase，IDO)基因ido对4-羟基异亮氨酸合成的影响，构建ido组成型表达质粒pXM01-ido及菌株HIL017，其ido转录量及IDO活性较诱导型过表达菌株HIL016显著提升，4-羟基异亮氨酸产量较HIL016提高19.4％.为进一步提高4-羟基异亮氨酸产量，通过Plackett-Burman试验确定HIL017发酵培养基中玉米浆、谷氨酸和FeSO4·7H2O用量为主要影响因素，利用最陡爬坡试验和响应面法确定其最优用量为玉米浆34.1 mL/L、谷氨酸2.98 g/L、FeSO4·7H2O 0.0167 g/L，此时4-羟基异亮氨酸理论产量为5.57 g/L.验证实验结果表明，最佳条件下4-羟基异亮氨酸产量为5.53 g/L，较优化前提高19.7％....,何继龙 李英滋 韩世宝 满德恩 郭脉海 战俊杰 张成林,0,2020年,5,http://www.wanfangdata.com.cn/link.do?url=BE78DC6926613EC3C61D070E578356F9C0FCD10AD4DC13D1A570C0F65213F934E7333D88E62F5656E4482B654AA454D40449AC4FCB6C7DE6905B5E2A39265CA802DF188E57F5EFBB5C7444A32769954F,N/A,N/A,N/A,万方期刊论文,组成型过表达ido基因对4-羟基异亮氨酸合成的影响及其发酵培养基的响应面优化
摘要：在pH 10.7的Kolthoff缓冲溶液中，钯(Ⅱ)能与吖啶红形成络合物从而使其荧光发生静态淬灭.当加入L-异亮氨酸后，L-异亮氨酸能与钯(Ⅱ)形成更为稳定的络合物而释放出吖啶红，使体系的荧光强度大幅增加.据此，提出了以钯(Ⅱ)与吖啶红形成的络合物作为荧光探针的荧光光谱法测定L-异亮氨酸的方法.激发和发射光谱通带宽度分别为5，10 nm，反应时间为120 min.L-异亮氨酸的线性范围为0.125～1.375 mg·L-1，方法的检出限(3s/k)为0.27 μg·L-1.L-异亮氨酸与钯(Ⅱ)的络合比为3比1.加标回收率在106％～114％之间，测定值的相对标准偏差(n=6)小于4.0％....,程定玺 朱会宇 刘起胜,0,2020年,20,http://www.wanfangdata.com.cn/link.do?url=BE78DC6926613EC3C61D070E578356F9C0FCD10AD4DC13D1A570C0F65213F934E7333D88E62F5656E4482B654AA454D40449AC4FCB6C7DE63E8660470B3A76A03C8A9AB4DE70A80F90B170E38E45F917,N/A,N/A,荧光光谱法;L-异亮氨酸;吖啶红;络合物,万方期刊论文,以钯(Ⅱ)与吖啶红形成的络合物作为荧光探针荧光光谱法测定L-异亮氨酸
摘要：苏氨酸脱水酶是细菌L-异亮氨酸合成途径中的关键酶，酶活力受终产物L-异亮氨酸的反馈抑制.苏氨酸脱水酶包含催化结构域及调控结构域，其中调控结构域所起的作用有待进一步研究.本文在大肠杆菌中分别克隆表达了四种不同的苏氨酸脱水酶:来自谷氨酸棒杆菌的苏氨酸脱水酶CgIlvA及其不含调控结构域的突变体CgIlvAM和来自大肠杆菌的苏氨酸脱水酶EcIlvA及其不含调控结构域的突变体EcIlvAM.通过蛋白纯化和酶活分析发现，CgIlvAM和EcIlvAM的酶活力比CgIlvA和EcIlvA的酶活力有所降低，但它们不再受L-异亮氨酸的反馈抑制，说明L-异亮氨酸对苏氨酸脱水酶的反馈抑制是通过其调控结构域来实现的....,于雪飞 尹良鸿 李烨 李颜颜 王小元,1,2020年,69,http://www.wanfangdata.com.cn/link.do?url=BE78DC6926613EC3C61D070E578356F9C0FCD10AD4DC13D1A570C0F65213F934E7333D88E62F5656E4482B654AA454D40449AC4FCB6C7DE60CD3398900D9ED9747DDA861F19AC505AC2FEFE263B07192,N/A,N/A,N/A,万方期刊论文,细菌苏氨酸脱水酶受L-异亮氨酸反馈抑制的关键在于其调控结构域
摘要：目的 研究噬菌体Guo1、Leo对不同模型休眠期结核分枝杆菌的裂解作用.方法 利用ClustalX软件作多重序列对比，寻找噬菌体Guo1、Leo的motif3基序.分别用缺氧模型及缺钾模型建模方法构建休眠期结核分枝杆菌模型.取缺氧及缺钾模型诱导的休眠期结核菌菌液，将其分别随机分成5组，每组设3个复管，每支试管装2 mL菌液.再向各组试管中分别加入100 μ，L的异烟肼(终浓度5μg/mL，异烟肼组)、利福平(终浓度5μg/mL，利福平组)、噬菌体Leo(滴度2.6×108 PFU/mL，Leo组)、噬菌体Guo1(滴度3.26×108 PFU/mL，Guo1组)，对照组加入等量ddH2O.利用最大可能数法，分别检测休眠期结核菌对异烟肼、利福平的耐药性及噬菌体对休眠期结核菌的裂解作用.结果 噬菌体Guo1、Leo的卷尺蛋白中均含有motif3基序，且其motif3基序含6个高度保守的氨基酸残基、1个高度保守的异亮氨酸-色氨酸位点.当作用于缺氧模型休眠期结核菌时，与利福平组、异烟肼组较较，Guo1组菌量明显减少(P＜0.05);当作用于缺钾模型休眠期结核菌时，与利福平组比较，Leo组菌量明显减少(P＜0.05).缺钾模型对异烟肼、利福平的耐药率明显高于缺氧模型.结论 相较于缺氧模型，缺钾模型能诱导结核菌进入更深的休眠状态.噬菌体Guo1对缺氧模型诱导的休眠期结核菌有裂解作用，噬菌体Leo对缺钾模型诱导的休眠期结核菌有裂解作用....,江莉莎 郭述良,0,2020年,0,http://www.wanfangdata.com.cn/link.do?url=BE78DC6926613EC3C61D070E578356F9C0FCD10AD4DC13D1A570C0F65213F934E7333D88E62F5656E4482B654AA454D40449AC4FCB6C7DE6D976EFA8C7ECEC75D1D7CBBA4B23F1992CEAC65931EA9815,N/A,N/A,噬菌体;休眠期结核菌;缺氧模型;缺钾模型;裂解作用,万方期刊论文,噬菌体Guo1、Leo对不同模型休眠期结核分枝杆菌的裂解作用
摘要：目的:建立UPLC-MS/MS法同时检测六合氨基酸注射液中6个有效成分(L-精氨酸、L-谷氨酸、L-门冬氨酸、L-亮氨酸、L-异亮氨酸和L-缬氨酸)的含量.方法:采用Agilent ZORBAX SB-C18(3.0mm×150 mm，5μm)色谱柱分离，以含0.2％甲酸和0.02％七氟丁酸的甲醇溶液-含0.2％甲酸和0.02％七氟丁酸的水溶液为流动相，梯度洗脱，流速0.4 mL· min-1，柱温50℃;以电喷雾离子源(ESI)，正离子扫描方式，多反应监测扫描模式进行定量分析.结果:所测6个氨基酸浓度在一定范围内呈良好的线性关系，r＞0.999 3;买验精密度、稳定性、重复性良好;平均加样回收率为95.8％～103.2％，RSD＜4.2％.10批样品中L-精氨酸、L-谷氨酸、L-门冬氨酸、L-亮氨酸、L-异亮氨酸和L-缬氨酸的含量检测结果分别为21.64～22.24、18.12～18.64、3.84～4.24、16.40～16.88、10.76～11.48和11.96～12.48 mg·mL-1.结论:经方法学验证，所建立的分析方法简便、快速、准确，灵敏度高，可作为六合氨基酸注射液的质量控制和评价方法....,王清华,0,2020年,N/A,http://www.wanfangdata.com.cn/link.do?url=BE78DC6926613EC3C61D070E578356F9C0FCD10AD4DC13D1A570C0F65213F934E7333D88E62F5656E4482B654AA454D40449AC4FCB6C7DE6D976EFA8C7ECEC75D2AFB772C7CE3C55548780E6C938F9D2,N/A,N/A,N/A,万方期刊论文,UPLC-MS/MS法同时测定六合氨基酸注射液中6个有效成分的含量
摘要：L-异亮氨酸是人和动物八种必需氨基酸之一，在生命活动中具有重要地位.乙酰羟基酸合成酶(acetohydroxyacid synthase，AHAS)是L-异亮氨酸合成途径的关键酶(由ilvBN编码)，α-酮基丁酸是L-异亮氨酸合成的重要前体.因此强化ilvBN的表达以及增加α-酮基丁酸的供应理论上可提高L-异亮氨酸的合成.cimA编码的甲基苹果酸合成酶可以催化丙酮酸和乙酰-CoA快速生成L-异亮氨酸前体α-酮基丁酸，从而增强主代谢流通量.本文采用基因重组手段将L-异亮氨酸生产菌株Corynebacterium glutamicum YILWilvBNC操纵子中的启动子替换为强启动子Ptac获得C.glutamicum YILWPtac.摇瓶发酵结果显示该菌株L-异亮氨酸产量和转化率分别较出发菌株提高了14.8％和18.6％.在此基础上过表达cimA基因，获得C glutamicum YILWPtacpXMJ 19cimA，其L-异亮氨酸酸产量和糖酸转化率分别较出发菌株提高了14.5％和42.4％.本研究可为氨基酸生产菌株的选育提供依据....,温冰 徐国栋 刘远 徐庆阳 谢希贤 张成林 陈宁,1,2020年,N/A,http://www.wanfangdata.com.cn/link.do?url=BE78DC6926613EC3C61D070E578356F9C0FCD10AD4DC13D1A570C0F65213F934E7333D88E62F5656E4482B654AA454D40449AC4FCB6C7DE60CD3398900D9ED97BE494E3626574F9223B6655FAF37CBD5B201677D17A0C195,N/A,N/A,N/A,万方期刊论文,ilvBNC操纵子协同cimA基因过表达提高Corynebacterium glutamicum YILW L-异亮氨酸产量的研究
摘要：建立了梯度淋洗-积分脉冲安培检测-离子色谱法测定果汁中20种氨基酸的方法，通过对流速、色谱柱温度、pH等实验影响因素的考察，探索出了适合20种组分测定的多级梯度淋洗条件.结果 表明，当流速为0.25mL/min，pH在5.5 ～ 7.0，柱温为30℃时，20种组分在0.05 ～ 2.50 mg/L浓度范围内具有良好的线性关系(R＞0.995).除了亮氨酸、异亮氨酸、色氨酸外，其他17种组分检出限均小于0.05mg/L;在0.20、0.50、2.00 mg/L三个添加浓度下，回收率为82.73％ ～ 107.39％，RSD在1.97％ ～ 8.72％范围内....,宋卫得 杜利君 高尧华 张传杰 尹相英 孙明芹,0,2020年,33,http://www.wanfangdata.com.cn/link.do?url=BE78DC6926613EC3C61D070E578356F9C0FCD10AD4DC13D1A570C0F65213F934E7333D88E62F5656E4482B654AA454D40449AC4FCB6C7DE67926270CF98E56EC3B2631A8282371965D049BA2696E0BC3,N/A,N/A,N/A,万方期刊论文,积分脉冲安培检测-离子色谱法同时测定果汁中20种氨基酸
摘要：目的 建立HPLC法测定雄蚕蛾中缬氨酸、异亮氨酸和亮氨酸的含量.方法 采用Kromasil C18色谱柱(150 mm×4.6mm，5μm)，以乙腈-0.1 mol·L-1醋酸钠溶液(用醋酸调节pH值至6.5)(7∶93)为流动相A，以乙腈-水(4∶1)为流动相B，进行梯度洗脱;检测波长为254 nm;柱温为43℃;流速为1.0 mL· min-1;异硫氰酸苯酯(PITC)柱前衍生化.结果 雄蚕蛾中缬氨酸、异亮氨酸和亮氨酸各组分线性关系良好;平均回收率为99.29％～100.13％，RSD值为1.22％～1.45％.结论 所建立的方法专属性强，重复性好，可用于雄蚕蛾药材的质量控制....,朱远锋 孙全明 朱清丽 熊贤锋 吴春燕 谭艳萍 王立鹏,0,2020年,11,http://www.wanfangdata.com.cn/link.do?url=BE78DC6926613EC3C61D070E578356F9C0FCD10AD4DC13D1A570C0F65213F934E7333D88E62F5656E4482B654AA454D40449AC4FCB6C7DE6603A2EC5FA626A9F29958F7E22731EF6FA09D3C7A15AA5B2,N/A,N/A,N/A,万方期刊论文,HPLC法测定雄蚕蛾中缬氨酸、异亮氨酸和亮氨酸的含量
摘要：建立了梯度淋洗-离子色谱-积分脉冲安培检测法同时测定酱油中20种氨基酸和6种糖的方法，通过对色谱柱温度、pH值、放置时间等实验影响因素的考察，探索出了适合26种组分测定的多级梯度淋洗条件.结果表明，当流速为0.25 mL/min，pH值在5.2～6.7，柱温在35℃时，26种组分在各自的浓度范围内具有良好的线性关系(r2≥0.995).除了谷氨酰胺、亮氨酸、异亮氨酸、蛋氨酸外，其他22种组分的检出限均小于0.03 mg/L;在0.20、0.50、2.00 mg/L 3个添加水平下，回收率为84.2％～109％，RSD为2.7％～7.8％.该方法高效、简便、灵敏、准确，可用于酱油中多种氨基酸和糖的同时测定以及掺假辨别技术研究....,宋卫得 苏征 惠希东 许崇龙 杜利君 张传杰,0,2020年,32,http://www.wanfangdata.com.cn/link.do?url=BE78DC6926613EC3C61D070E578356F9C0FCD10AD4DC13D1A570C0F65213F934E7333D88E62F5656E4482B654AA454D40449AC4FCB6C7DE6905B5E2A39265CA8F13F495DDA50FA3F3F57F8094D9C5543,N/A,N/A,N/A,万方期刊论文,离子色谱-积分脉冲安培检测法同时测定酱油中 20种氨基酸和6种糖
摘要：通过对L-异亮氨酸化合物进行扩展性研究及分子设计，本论文合成了四种含(2S，3S)-3-甲基-2-氯戊酰氧基的手性液晶单体(M1～M4)，然后再以六氯合铂酸为引发剂，将四种单体通过接枝聚合，获得了对应的聚硅氧烷类液晶高分子(P1～P4)，采用FT-IR、1 H-NMR与GPC表征了所合成的中间体、手性液晶单体及其聚合物的化学结构与分子量及分布，结果符合分子设计.此外，采用旋光仪测定了手性单体的旋光度，研究表明:它们均为右旋化合物，其比旋光度随化合物刚性的增加而降低，而对于端基相同、液晶核刚性大小接近的单体，其比旋光度比较接近....,李乌云塔娜 张文昌 张莹 胡建设,1,2020年,N/A,http://www.wanfangdata.com.cn/link.do?url=BE78DC6926613EC3C61D070E578356F9C0FCD10AD4DC13D1A570C0F65213F934E7333D88E62F5656E4482B654AA454D40449AC4FCB6C7DE60CD3398900D9ED978DA47EB019220572918AA7EA1CF2B6DD,N/A,N/A,L-异亮氨酸;液晶;手性单体;聚合物;合成,万方期刊论文,基于L-异亮氨酸衍生物的液晶单体及其聚合物的合成与结构表征
摘要：本发明涉及分离纯化技术领域，具体涉及一种发酵催化液中提取L‑4‑羟基异亮氨酸的方法。本发明采用微滤膜、超滤膜、离子交换等步骤纯化分离L‑4‑羟基异亮氨酸发酵催化液中的L‑4‑羟基异亮氨酸，提取体系简单高效且流程简便易行，其中，滤膜清液上732阳离子交换树脂吸附并用氨含1.2～1.5wt％的氨水洗脱，可降低成品中铵盐含量，提高纯度；一次结晶利用酒精醇沉，可以提高一次粗品收率达50％以上，二次结晶用酒精醇沉，不但可以提高成品收率达50％以上，而且可以使产品液相纯度得到明显提升，最终产品总收率可达50％且产品纯度在95％以上，该方法效率高，成本低，易于大规模产业化生产。,N/A,N/A,2018-07-20,6,http://www.wanfangdata.com.cn/link.do?url=BE78DC6926613EC3C61D070E578356F9C0FCD10AD4DC13D1A570C0F65213F934E7333D88E62F5656E4482B654AA454D4312CDE92A525D0EC36CED29C7AFF8979AE86885A70FE0056B7460D8F8C5B1482B201677D17A0C195,N/A,河南巨龙生物工程股份有限公司,N/A,万方专利,一种发酵催化液中提取L-4-羟基异亮氨酸的方法
摘要：目的:合成具有较强抗乙型肝炎病毒(HBV)活性与较高血浆稳定性的抗HBV前药——阿德福韦膦酸双L-异亮氨酸乙酯(YF-6).方法:以三-(异丙氧基)磷为反应起始原料，通过与2-氯乙基氯甲基醚经Arbuzov重排得到二异丙基(2-氯乙氧基)甲基膦酸酯(1)，而后(1)在四氯化碳溶液中经五氯化磷及三氯氧磷处理得到2-氯乙氧甲基二膦酰氯(2)，(2)再与N-Boc L-异亮氨酸羟乙基酯缩合得到双N-Boc L-异亮氨酸-2-氯乙氧甲基膦酸乙酯(3)，所得物在Cs2CO3/DMF条件下与腺嘌呤缩合得到阿德福韦膦酸双N-Boc L-异亮氨酸乙酯(4)，后者经15％ HCl/dioxane脱去Boc保护基得到目标化合物(YF-6)，采用核磁共振氢谱和质谱鉴定.结果:根据探寻到的目标化合物合成的路线，获得了目标化合物(YF-6)，且收率较高，合成的化合物及中间体均经过核磁共振氢谱与质谱进行了结构表征，确证结构与目标产物一致.结论:该合成方法具有较好的实用性....,李零 傅晓钟 董永喜,0,2020年,21,http://www.wanfangdata.com.cn/link.do?url=BE78DC6926613EC3C61D070E578356F9C0FCD10AD4DC13D1A570C0F65213F934E7333D88E62F5656E4482B654AA454D40449AC4FCB6C7DE60CD3398900D9ED97CB62011CA4A03AD0A8FEE5E473BB9F49,N/A,N/A,N/A,万方期刊论文,抗HBV前药阿德福韦膦酸双L-异亮氨酸乙酯的合成
摘要：以黄色短杆菌BF420为出发菌株，经过紫外线和亚硝基胍(NTG)复合诱变处理后，获得一株甲硫氨酸缺陷(Met-)及抗α-氨基丁酸(α-AB)的 L-异亮氨酸产生菌BM2610，该菌株在未进行优化的发酵条件下能够积累L-异亮氨酸的量为7.12g·L-1，比出发菌株BF420提高了122.5％....,沈加彬 罗磊 施碧红 施巧琴 黄祥峰 吴松刚,6,2020年,84,http://www.wanfangdata.com.cn/link.do?url=BE78DC6926613EC3C61D070E578356F9C0FCD10AD4DC13D1A570C0F65213F934E7333D88E62F5656E4482B654AA454D40449AC4FCB6C7DE6DB74E2E503B6248DBF52FA35D87858D788B023D9B019AC73B201677D17A0C195,N/A,N/A,N/A,万方期刊论文,L-异亮氨酸产生菌黄色短杆菌的选育
摘要：　　以苯酚和苯甲酰氯为原料，经酯化反应、Fries重排合成得到2-羟基二苯甲酮，再与L-异亮氨酸缩合，形成的Schiff碱经硼氢化钾还原，得到目标化合物2-羟基二苯甲酮缩L-异亮氨酸还原Schiff碱。其组成和结构已由熔点测定、红外光谱和元素分析等方法进行了表征。并探讨了该还原Schiff碱的最佳反应条件为：硼氢化钾用量为1.5当量，反应温度0-5℃，反应时间1 h。...,李龙龙 王瑞龙,1,2020年,21,http://www.wanfangdata.com.cn/link.do?url=BE78DC6926613EC3C61D070E578356F9C0FCD10AD4DC13D1A570C0F65213F934E7333D88E62F5656E4482B654AA454D40449AC4FCB6C7DE621431D5815D9147BDA83112EE5524246AFEBDEBA5AE7565A732138ECFD0204FE,N/A,N/A,N/A,万方期刊论文,2-羟基二苯甲酮缩L-异亮氨酸还原Schiff碱的制备
"摘要：为研究不同水平低粗蛋白质(CP)氨基酸平衡日粮对10～25 kg仔猪的生长性能、血液指标、营养物质表观养分消化率和腹泻率的影响，选取320头10 kg健康的""杜×长×大""三元杂交断奶仔猪，随机分为4个处理，每个处理4个重复，每个重复20头仔猪.对照组饲喂基础日粮，C P水平为20.1％，其他组饲喂低C P补充氨基酸日粮，C P水平分别为18.3％ 、14.9％ 、13.2％，除根据需要补充L-赖氨酸、D L-蛋氨酸、L-苏氨酸、L-色氨酸外，还补充L-缬氨酸、L-异亮氨酸、L-苯丙氨酸和L-组氨酸等，共计8种晶体氨基酸，各处理氨基酸水平均达到或超过N RC(1998)猪营养需要量标准，试验期24 d.结果显示:①20.1％CP组仔猪平均日增重(ADG)显著高于13.2％CP(P<0.05);各组间料重比(F/G)、平均采食量(ADFI)差异均不显著(P>0.05).②20.1％CP组仔猪血清尿素水平最高，13.2％CP最低，二者差异极显著(P<0.01);各组间总蛋白(TP)、白蛋白(ALB)、球蛋白(GLB)、白蛋白/球蛋白、胰岛素、血糖、免疫球蛋白(IgA)、IgG、IgM水平均差异不显著(P>0.05).③13.2％CP、14.9％CP组仔猪CP表观消化率极显著低于20.1％CP组(P<0.01);其余指标差异均不显著(P>0.05).④20.1％CP组仔猪腹泻率最高，13.2％CP组腹泻率最低，且差异显著(P<0.05).综上所述，日粮CP水平降低至14.9％ 时对仔猪的生长性能无不良影响;血清尿素水平、CP表观消化率均极显著对于对照组(20.1％CP)，仔猪腹泻率大大降低.因此10～25 kg断奶仔猪氨基酸平衡日粮C P水平可降低至14.9％，不影响仔猪的生长性能....",薛强 张鹤亮 李秀花 薛荣 王君 白延波,0,2020年,5,http://www.wanfangdata.com.cn/link.do?url=BE78DC6926613EC3C61D070E578356F9C0FCD10AD4DC13D1A570C0F65213F934E7333D88E62F5656E4482B654AA454D40449AC4FCB6C7DE67926270CF98E56ECCD2E94D9BE2F117A7CCE0703FBC5D728,N/A,N/A,N/A,万方期刊论文,低粗蛋白质氨基酸平衡日粮对仔猪生长性能、血液指标、营养物质表观消化率和腹泻率的影响
摘要：NAD激酶催化辅酶Ⅰ[NAD(H)]发生磷酸化，转变成辅酶Ⅱ [NADP(H)]，而还原态辅酶Ⅱ (NADPH)是L-异亮氨酸合成的必要辅因子.为了提高NADPH的供应，首先克隆了谷氨酸棒杆菌NAD激酶基因ppnK，并利用大肠杆菌-棒状杆菌诱导型穿梭表达载体pDXW-8和组成型穿梭表达载体pDXW-9在L-异亮氨酸合成菌——乳糖发酵短杆菌JHI3-156中进行表达.摇瓶发酵后，ppnK诱导表达菌JHI3-156/pDXW-8-ppnK的NAD激酶酶活(4.33±0.74 U/g)比pDXW-8空载菌提高了83.5％，辅酶Ⅱ与辅酶Ⅰ的比例提高了63.8％，L-异亮氨酸产量(3.86±0.12 g/L)提高了82.9％；ppnK组成表达菌JHI3-156/pDXW-9-ppnK的NAD激酶酶活(7.67±0.65 U/g)比pDXW-9空载菌提高了2.20倍，辅酶Ⅱ与辅酶Ⅰ的比例提高了1.34倍，NADPH含量提高了21.7％，L-异亮氨酸产量(2.99±0.18 g/L)提高了41.7％.这说明NAD激酶有助于辅酶Ⅱ的供应和L-异亮氨酸的生物合成，这对于其他氨基酸的生产也有一定的参考依据....,还晓静 李坤 史锋 王小元,6,2012年,N/A,http://www.wanfangdata.com.cn/link.do?url=BE78DC6926613EC3C61D070E578356F9C0FCD10AD4DC13D1A570C0F65213F934E7333D88E62F5656E4482B654AA454D40449AC4FCB6C7DE6905B5E2A39265CA8F4615BA551DC86A048F0D31245F530A0,N/A,N/A,L-异亮氨酸;NAD激酶;诱导型表达;组成型表达;乳糖发酵短杆菌,万方期刊论文,谷氨酸棒杆菌NAD激酶的过表达对L-异亮氨酸合成的促进作用
摘要：生长圈测定法是L-异亮氨酸高产菌筛选育种工作中较为简单、方便、经济、有效的一种测定方法。本文对影响生长圈法测定的检测培养基加入指示菌时温度、指示菌加入量、检测板琼脂浓度、琼脂块琼脂浓度等因素进行了研究。结果得到优化方法为测定平板和琼脂块均选用基本培养基;测定平板采用上层为10mL混菌培养基，下层为10mL基本培养基的双层平板，其琼脂浓度都为1%;琼脂块的琼脂浓度为1.5%;混菌平板中指示菌培养时间为18h，加入量为4%，混菌时最佳培养基温度为55℃。...,李宗伟 苏明杰 谈重芳 王雁萍 金庆生,0,2012年,N/A,http://www.wanfangdata.com.cn/link.do?url=BE78DC6926613EC3C61D070E578356F9C0FCD10AD4DC13D1A570C0F65213F934E7333D88E62F5656E4482B654AA454D40449AC4FCB6C7DE6905B5E2A39265CA84CF3E9B1FB9CBA7F0C34DA2097227946,N/A,N/A,L-异亮氨酸;生长圈法;钝齿棒杆菌;琼脂浓度,万方期刊论文,生长圈法应用于选育L-异亮氨酸菌株的条件优化
摘要：磷酸三苯酯(TPhP)是广泛存在于环境介质和生物体内的一种典型有机磷阻燃剂.为探求TPhP诱发水生动物发育毒性的分子机制，本研究以斑马鱼为模式动物，将发育至2.5 hpf(hours post fertilization)的斑马鱼胚胎暴露于0.0025、0.1、1、10、100和1000μg·L-1 TPhP溶液至7 dpf(days post fertilization)，考察斑马鱼胚胎生长发育指标和线粒体功能的变化，通过代谢组学分析揭示相关分子机制.结果表明，环境相关浓度(0.0025、0.1和1μg·L-1)TPhP对斑马鱼胚胎发育无显著影响，但是轻微干扰了斑马鱼的代谢过程.100和1000μg·L-1 TPhP暴露引起斑马鱼心跳速率、孵化率和线粒体膜电位明显下调，畸形率分别增加6.8倍和12.5倍，死亡率分别增加7.2倍和16.5倍.代谢组学分析发现，10、100和1000μg·L-1 TPhP显著抑制斑马鱼氨基酸代谢，降低缬氨酸、亮氨酸和异亮氨酸水平，抑制氨酰-tRNA生物合成过程;同时引起葡萄糖糖酵解过程和三羧酸循环发生障碍.氨基酸和糖代谢异常可能是TPhP引起斑马鱼发育畸形的主要原因，线粒体功能紊乱可能是TPhP诱发三羧酸循环障碍的原因.上述研究结果为TPhP发育毒性机制分析提供了新思路....,张杏丽 邹威 周启星,0,2012年,22,http://www.wanfangdata.com.cn/link.do?url=BE78DC6926613EC3C61D070E578356F9C0FCD10AD4DC13D1A570C0F65213F934E7333D88E62F5656E4482B654AA454D40449AC4FCB6C7DE63A91A5D67A239F90F373829A845118754490BDB83F6B2793,N/A,N/A,N/A,万方期刊论文,基于代谢组学技术分析磷酸三苯酯诱导斑马鱼胚胎发育毒性的分子机制
摘要：黄色短杆菌(Breviabacterium flavum)是L-缬氨酸生产的重要菌株，但缬氨酸发酵中常出现亮氨酸、异亮氨酸含量超标的问题.本研究敲除编码黄色短杆菌亮氨酸和异亮氨酸合成的关键基因，自主构建得到了工程菌株MH-1000-△ilvA、MH-1000-△leuA和MH-1000-△ilvA△leuA.对这些工程菌株进行摇瓶发酵和50 L罐发酵，结果表明，工程菌株有效地降低了L-缬氨酸发酵液中L-亮氨酸和L-异亮氨酸的含量，对于缬氨酸的高纯度生产具有一定的实际意义....,胡炎华 朱亚然 宫卫波,1,2012年,68,http://www.wanfangdata.com.cn/link.do?url=BE78DC6926613EC3C61D070E578356F9C0FCD10AD4DC13D1A570C0F65213F934E7333D88E62F5656E4482B654AA454D40449AC4FCB6C7DE662A62A28B791BD239FB4A367D68A7AA379A5436D98DEE396,N/A,N/A,N/A,万方期刊论文,基因敲除降低L-缬氨酸发酵中亮氨酸和异亮氨酸含量的研究
摘要：目的 研究葫芦巴活性成分4-羟基异亮氨酸(4-hydroxyisoleucine，4-HIL)对高糖诱导的小鼠前脂肪细胞(3T3-L1)胰岛素抵抗的作用及其机制.方法 以25 mmol/L葡萄糖加0.6 nmol/L胰岛素诱导小鼠3T3-L1脂肪细胞建立胰岛素抵抗细胞模型，予以不同浓度4-HIL(5、10、20 μmol/L)进行干预.采用[3H]-脱氧-D-葡萄糖摄入法检测葡萄糖摄取率，PCR法检测肿瘤坏死因子-α(tumor necrosis factor-alpha，TNF-α)mRNA表达量，ELISA法检测细胞上清TNF-α蛋白水平.以棕榈酸(palmitic acid，PA)为对照.结果 25 mmol/L葡萄糖加0.6 nmol/L胰岛素作用18 h后，3T3-L1脂肪细胞胰岛素刺激的葡萄糖转运抑制了63%;PCR显示脂肪细胞内TNF-α mRNA的表达较正常脂肪细胞明显增高(P<0.05);ELISA显示细胞上清中的TNF-α分泌量增加70 pg/mL(P<0.05).PA组表现出类似结果.分别加入5、10、20 μmol/L 4-HIL作用24 h后，3T3-L1脂肪细胞胰岛素刺激所产生的葡萄糖转运分别增加35%、50%、60%;PCR检测显示，脂肪细胞内TNF-α mRNA的表达随着药物浓度的增加呈递减趋势，与模型组及PA组比较，差异有统计学意义(P<0.05);与模型组比较，药物干预后脂肪细胞培养基上清TNF-α分泌水平分别下降10、18、39 pg/mL(P<0.05).结论 4-HIL可以显著改善高糖诱导的小鼠3T3-L1脂肪细胞胰岛素抵抗，同时4-HIL能够抑制TNF-α的分泌....,余海 吴萌 卢芙蓉 谢晶 郑娜 秦铀 高峰 杜文 剪柳萌,11,2012年,153,http://www.wanfangdata.com.cn/link.do?url=BE78DC6926613EC3C61D070E578356F9C0FCD10AD4DC13D1A570C0F65213F934E7333D88E62F5656E4482B654AA454D40449AC4FCB6C7DE67926270CF98E56EC7EDC04D65431EE08920DE50481205CB9,N/A,N/A,N/A,万方期刊论文,葫芦巴4-羟基异亮氨酸对高糖诱导小鼠3T3-L1脂肪细胞胰岛素抵抗的影响
摘要：目的:采用衍生化为辅助手段，建立高效液相色谱法测定缬沙坦起始物料L-缬氨酸甲酯盐酸盐中杂质L-异亮氨酸甲酯盐酸盐含量的方法.方法:采用岛津VP-ODS C18色谱柱(150mm×4.6mm，5μm);以乙酸钠缓冲液(pH7.2)-甲醇-乙腈(20∶45∶30)为流动相，流速为1.0mL·min-1;检测波长为262nm;柱温为40℃.采用9-芴基甲酰氯为衍生化试剂，考察衍生化试剂浓度，反应静置时间，超声时间等衍生化条件，确定衍生化的方法并进行方法学验证.结果:衍生化反应条件为:衍生化试剂浓度10mg·mL-1，反应静置时间20min，超声10s.经方法学验证，L-异亮氨酸甲酯盐酸盐在15～75μg·mL-1范围内线性良好，其平均回收率为92.943％，RSD为4.965％，溶液在5h内稳定性.结论:该方法简便、快速、耐受性好，符合有关物质方法学验证要求，可用于杂质L-异亮氨酸甲酯盐酸盐的含量测定....,殷静 常艳,0,2012年,N/A,http://www.wanfangdata.com.cn/link.do?url=BE78DC6926613EC3C61D070E578356F9C0FCD10AD4DC13D1A570C0F65213F934E7333D88E62F5656E4482B654AA454D40449AC4FCB6C7DE67926270CF98E56EC838B2B4D14C406BB28C0492FA6258286,N/A,N/A,高效液相色谱法;衍生化;L-缬氨酸甲酯盐酸盐;L-异亮氨酸甲酯盐酸盐,万方期刊论文,高效液相色谱法测定L-缬氨酸甲酯盐酸盐中L-异亮氨酸甲酯盐酸盐
摘要：以苯酚和苯甲酰氯为原料，经酯化反应、Fries重排合成得到2-羟基二苯甲酮，再与L-异亮氨酸缩合，形成的Schiff碱经硼氢化钾还原，得到目标化合物2-羟基二苯甲酮缩L-异亮氨酸还原Schiff碱。其组成和结构已由熔点测定、红外光谱和元素分析等方法进行了表征。并探讨了该还原Schiff碱的最佳反应条件为：硼氢化钾用量为1.5当量，反应温度0-5℃，反应时间1 h。...,李龙龙[1] 王瑞龙[2],0,2012年,N/A,http://www.wanfangdata.com.cn/link.do?url=BE78DC6926613EC3C61D070E578356F9C0FCD10AD4DC13D1A570C0F65213F934E7333D88E62F5656E4482B654AA454D40449AC4FCB6C7DE69A764B8C26D362CB5A01B7600B438D29B31C980EF4F77AF8,N/A,N/A,2-羟基二苯甲酮 Fries重排 还原Schiff碱,万方期刊论文,2-羟基二苯甲酮缩L-异亮氨酸还原Schiff碱的制备
摘要：优化4-羟基异亮氨酸发酵过程中溶氧水平及FeSO4添加量，以提高其发酵水平.结合菌株Corynebacte-rium glutamicum HIL18及4-羟基异亮氨酸合成特点，首先考察不同溶氧水平及两阶段溶氧控制对4-羟基异亮氨酸发酵的影响.然后考察FeSO4添加对其发酵的作用.20％溶氧有利于4-羟基异亮氨酸的合成.利用两阶段溶氧控制工艺(0～20 h、20％溶氧;20～64 h、30％溶氧)经64 h发酵，4-羟基异亮氨酸产量达到38.7 g/L，较未使用该工艺提高11.2％.采用两阶段FeSO4添加策略(初始浓度为65 μmol/L、20 h添加30 μmol/L)，4-羟基异亮氨酸的产量达到43.4 g/L.采用优化后的工艺使得4-羟基异亮氨酸产量较优化前提高27.3％.获得了4-羟基异亮氨酸发酵过程中两阶段溶氧控制及FeSO4添加工艺.该结果为4-羟基异亮氨酸的高效发酵合成提供参考....,孟静 芦楠 朱福周 董解荣 王子申 陈宁 张成林,0,2012年,15,http://www.wanfangdata.com.cn/link.do?url=BE78DC6926613EC3C61D070E578356F9C0FCD10AD4DC13D1A570C0F65213F934E7333D88E62F5656E4482B654AA454D40449AC4FCB6C7DE6905B5E2A39265CA83473BD49A90D1CDDFDD4B4BF4F65EFF3,N/A,N/A,N/A,万方期刊论文,两阶段溶氧控制及FeSO4添加对谷氨酸棒杆菌合成4-羟基异亮氨酸的影响
摘要：考察过量表达解除反馈抑制的苏氨酸脱水酶对谷氨酸棒杆菌发酵生产L-异亮氨酸的影响.将解除反馈抑制的苏氨酸脱水酶基因ilvA(F383V)连接大肠杆菌/谷氨酸棒杆菌穿梭质粒pXMJ19，过量表达于L-异亮氨酸生产菌株Corynebacterium glutamicum YILW.经5 L发酵罐分批补料发酵产酸实验，与出发菌株C.glutamicum YILW相比，耗糖高峰期滞后，L-异亮氨酸产量增加了10.3%，副产物L-蛋氨酸、L-赖氨酸含量分别降低了33.3%、26.5%，发酵液中没有L-苏氨酸的累积，乳酸的累积量增加了41.7%.对发酵稳定期的代谢流分布研究表明，过量表达解除反馈抑制的苏氨酸脱水酶使HMP途径流量增加了31.7%，L-异亮氨酸生物合成途径的代谢流提高了8.5%....,史建明 徐兰兰 谢希贤 陈宁,2,2012年,113,http://www.wanfangdata.com.cn/link.do?url=BE78DC6926613EC3C61D070E578356F9C0FCD10AD4DC13D1A570C0F65213F934E7333D88E62F5656E4482B654AA454D40449AC4FCB6C7DE622C97A5E962D6D0B958E986D4C38AE3CD179D9DF4C87835831F2397591FA155F,N/A,N/A,N/A,万方期刊论文,过量表达苏氨酸脱水酶对谷氨酸棒杆菌合成L-异亮氨酸的影响
摘要：为了实现L-异亮氨酸的高效生产，提高谷氨酸棒状杆菌YILW生产L-异亮氨酸的产量和生产强度，在详尽分析磷酸盐和玉米浆初始浓度对L-异亮氨酸发酵影响的基础上采用了双底物(玉米浆、磷酸盐)指数流加与双阶段溶氧相结合的控制策略进行L-异亮氨酸发酵.结果表明，最佳磷酸盐和玉米浆浓度分别为1.5 g/L和35 mL/L，此条件下分批补料发酵菌体生物量和L-异亮氨酸产量分别为27.66 g/L和25.89 g/L.在生长阶段进行双底物指数流加并结合双阶段溶氧控制，发酵60 h菌体生物量和L-异亮氨酸产量分别为32.29 g/L和31.32g/L，较优化前分别提高16.73％和20.97％....,张成林 龙辉 温冰 王健 徐国栋 谢希贤 徐庆阳 陈宁,5,2012年,N/A,http://www.wanfangdata.com.cn/link.do?url=BE78DC6926613EC3C61D070E578356F9C0FCD10AD4DC13D1A570C0F65213F934E7333D88E62F5656E4482B654AA454D40449AC4FCB6C7DE6905B5E2A39265CA86E5B5F6B7E99598C59C3263DF43D8561,N/A,N/A,L-异亮氨酸;谷氨酸棒状杆菌;指数流加;溶氧控制,万方期刊论文,双底物指数流加和双阶段溶氧控制对谷氨酸棒状杆菌生产L-异亮氨酸的影响
摘要：L-异亮氨酸是人体必须氨基酸，广泛应用于医药、食品、化妆品等领域.本文综述了谷氨酸棒杆菌和大肠杆菌合成L-异亮氨酸的调控机制，重点阐述了代谢工程技术在L-异亮氨酸产生菌改造中的应用，并讨论了L-异亮氨酸发酵中的主要影响因素....,杨池 应向贤 熊斌 宋清清 汪钊,2,2012年,94,http://www.wanfangdata.com.cn/link.do?url=BE78DC6926613EC3C61D070E578356F9C0FCD10AD4DC13D1A570C0F65213F934E7333D88E62F5656E4482B654AA454D40449AC4FCB6C7DE662A62A28B791BD239FB4A367D68A7AA3CB20514C8A382381,N/A,N/A,N/A,万方期刊论文,L-异亮氨酸产生菌的代谢改造与发酵控制策略
摘要：4–羟基异亮氨酸(4-hydroxyisoleucine，4-HIL)具有葡萄糖依赖的促进胰岛素分泌的活性，在 L–异亮氨酸(L-isoleucine ，L-Ile)生产菌株谷氨酸棒状杆菌(Corynebacterium glutamicum)YILW 中过表达来源于苏云金芽胞杆菌(Bacillus thuringiensis)TCCC11826的L–异亮氨酸羟化酶(L-isoleucine dioxygenase，IDO)编码基因ido，以期利用微生物转化法合成4-HIL，并研究α–酮戊二酸(α-ketoglutarate，α-KG)和 Fe2+添加量对菌株合成4-HIL 的影响．结果表明：构建的 C. glutamicum YILW-IDO 菌株能够表达出有活性的 IDO，并能够利用菌体自身合成的 L-Ile 以及培养基中的α–酮戊二酸合成4-HIL．此外，α–酮戊二酸和Fe2+均能影响4-HIL的合成，在其添加量分别为40，mmol/L和4，mmol/L条件下，培养50，h，4-HIL产量达(35.7±1.0)mmol/L．本研究可为4-HIL及氨基酸衍生物的生物制造提供理论依据．...,温冰 张成林 麻杰 陈鹏杰 谢希贤 徐庆阳 陈宁,1,2012年,86,http://www.wanfangdata.com.cn/link.do?url=BE78DC6926613EC3C61D070E578356F9C0FCD10AD4DC13D1A570C0F65213F934E7333D88E62F5656E4482B654AA454D40449AC4FCB6C7DE622C97A5E962D6D0B958E986D4C38AE3C33CE6A996965339E31F2397591FA155F,N/A,N/A,N/A,万方期刊论文,利用谷氨酸棒杆菌转化法合成4-羟基异亮氨酸
摘要：从神农架表层土壤中分离获得一株L-异亮氨酸产酸性能高的细菌.根据形态学观察、培养特性、生化试验，确定该菌属于黄色短杆菌属，通过对该菌生长和代谢曲线的测定发现:该菌生长速度快，异亮氨酸产量高，且具有比较稳定的产酸性能....,邵伟 卢斌 程金花 仇敏,2,2012年,34,http://www.wanfangdata.com.cn/link.do?url=BE78DC6926613EC3C61D070E578356F9C0FCD10AD4DC13D1A570C0F65213F934E7333D88E62F5656E4482B654AA454D40449AC4FCB6C7DE67926270CF98E56EC1072AEBA963EE3D0F18BA9CD26E295E2,N/A,N/A,N/A,万方期刊论文,一株L-异亮氨酸高产菌的分离与产酸特性研究
摘要：目的 选育他克莫司高产菌株，提高发酵单位.方法 采用常压室温等离子体(ARTP)技术对一株他克莫司出发菌株FK13-2-14进行诱变，对高产菌株的种子瓶接种量、异亮氨酸的添加量及添加时间等发酵条件进行优化.结果 获得1株稳定的突变高产菌株FK18-1-56，摇瓶发酵单位提高了162％;优化后种子瓶接种量为1.5cm2/40mL，异亮氨酸添加时间为48h，添加量为3.0g/L.高产菌株在优化后的发酵条件下，100L罐发酵单位达到997μg/mL，比出发菌株提高了128％.结论 利用常压室温等离子体诱变技术得到他克莫司高产菌株，经发酵工艺优化后，大幅度提高了他克莫司的工业发酵水平....,王会会 秦丽娜 刘雨 赵建辉 张雪霞,3,2012年,19,http://www.wanfangdata.com.cn/link.do?url=BE78DC6926613EC3C61D070E578356F9C0FCD10AD4DC13D1A570C0F65213F934E7333D88E62F5656E4482B654AA454D40449AC4FCB6C7DE67926270CF98E56EC80B8F6039A3CF590FE31D5272DC1BD1A,N/A,N/A,N/A,万方期刊论文,常压室温等离子体诱变选育他克莫司高产菌株及发酵条件优化
摘要：对黄色短杆菌YILW合成L-异亮氨酸的发酵溶氧条件进行了探索，构建了该菌合成上L-异亮氨酸的代谢网络和代谢流平衡模型.在30 L发酵罐中考察了不同溶氧浓度下L-异亮氨酸发酵过程.研究结果表明:高溶氧浓度有利于菌体生长，15%溶氧浓度下产酸速率高且维持的时间长，有利于L-异亮氨酸的积累.为此提出了分段控氧模式:在菌体生长期，溶氧浓度控制为25%;在产酸稳定期，溶氧浓度控制为15%.在此溶氧控制模式下，在30 L发酵罐上补料分批发酵60 h.L-异亮氨酸产量可达31.8 g/L，糖酸转化率可达18.3%，且乳酸、丙氨酸等副酸明显减少.对此结果运用代谢流分析的方法进行论证，旨在从量的角度理解溶氧对L-异亮氨酸合成的影响提供理论基础，对进一步优化L-异亮氨酸发酵溶氧条件提供理论指导....,白亚磊 徐庆阳 谢希贤 陈宁,10,2012年,183,http://www.wanfangdata.com.cn/link.do?url=BE78DC6926613EC3C61D070E578356F9C0FCD10AD4DC13D1A570C0F65213F934E7333D88E62F5656E4482B654AA454D40449AC4FCB6C7DE622C97A5E962D6D0B958E986D4C38AE3C2241655C30FC79C831F2397591FA155F,N/A,N/A,N/A,万方期刊论文,溶氧控制对黄色短杆菌YILW合成L-异亮氨酸的影响
摘要：为研究饲喂不同糖饲料对蜜蜂所产蜂王浆品质的影响，基于气相色谱-四极杆飞行时间质谱代谢组学技术对3种不同糖饲料饲喂条件下(白糖、蜂蜜、高果糖浆)蜜蜂所生产的蜂王浆进行分析.结果 表明:与白糖组相比，蜂蜜组脯氨酸、异亮氨酸、缬氨酸、乳糖、癸酸、L.磺基丙氨酸等含量显著较高(P＜0.05);与蜂蜜组相比较，高果糖浆组蔗糖、麦芽糖含量显著较高(P＜0.05)，而甘油、纤维二糖、异亮氨酸、木糖、羟脯氨酸、乳糖、L-磺基丙氨酸含量显著较低(P＜0.05);高果糖浆组与白糖组比较，软脂酸、麦芽糖、苏氨酸、半乳糖含量显著较高(P＜0.05)，而纤维二糖、松二糖、木糖、乳糖、赤藓糖含量显著较低(P＜0.05).这种由于不同糖饲料饲喂条件而导致的差异可能会对蜜蜂及蜜蜂幼虫生长发育以及蜂王浆品质产生一定的影响，同时为蜂农饲喂方式的选择以及进一步研究影响蜂王浆组成差异的因素提供理论依据....,张文文 庞倩 王康 陈孝梅 范荣莉 陈国宏 吉挺,0,2012年,10,http://www.wanfangdata.com.cn/link.do?url=BE78DC6926613EC3C61D070E578356F9C0FCD10AD4DC13D1A570C0F65213F934E7333D88E62F5656E4482B654AA454D40449AC4FCB6C7DE6905B5E2A39265CA8AD3E79BD2BA2FECA74AE6D1B8863678F,N/A,N/A,N/A,万方期刊论文,基于GC-QTOF-MS代谢组学技术研究饲喂不同糖饲料对蜜蜂所产蜂王浆中代谢物组成成分的影响
摘要：研究了氨基酸和植物油对替考拉宁产量和组分含量的影响.结果发现，与对照相比，在发酵培养基中添加0.05％异亮氨酸和0.05％L-缬氨酸，替考拉宁产量分别提高24.7％ 和38.2％;在发酵培养基中添加0.50％ 大豆油和0.50％玉米油，替考拉宁产量分别提高20.4％和28.7％.L-缬氨酸和大豆油在提高替考拉宁产量的同时，对主成分A2-2的影响作用是相反的，L-缬氨酸可以升高A2-2含量，而大豆油则降低A2-2含量.L-缬氨酸和大豆油的联合使用可进一步提高替考拉宁产量，当L-缬氨酸和大豆油添加量分别为0.06％、0.75％时，替考拉宁产量提高47.2％.优化后的配方经过50 L发酵罐发酵验证，替考拉宁的平均发酵效价达到5652 U·mL-1，各组分含量均符合质量要求，主成分A2-2含量达到53.1％....,王会会 刘雨 王凤亚 李宁 李晓露 张雪霞,0,2012年,23,http://www.wanfangdata.com.cn/link.do?url=BE78DC6926613EC3C61D070E578356F9C0FCD10AD4DC13D1A570C0F65213F934E7333D88E62F5656E4482B654AA454D40449AC4FCB6C7DE6E17676849563A34D1A7EACB2295FFB32BEFB21957E1F33B1,N/A,N/A,N/A,万方期刊论文,不同氨基酸和植物油对替考拉宁产量及组分含量的影响
摘要：为了从发酵液中高效的提取L-异亮氨酸，文本对发酵液中L-异亮氨酸的分离提取工艺作了初步研究。分别考察了蛋白去除温度及时间、活性炭用量、脱色时间、脱色温度、发酵液pH值对L-异亮氨酸分离提取效果的影响。最终确定了提取的工艺条件，即蛋白去除温度及时间分别为90℃和10min、活性炭添加量为2％、脱色温度为60℃、脱色时间为25min、脱色时的最佳pH为4．7。在此工艺条件下，L-异亮氨酸提取收率为94．3％，产品纯度高达96．5％。...,白亚磊 冯宁 孙家凯 徐庆阳 谢希贤 陈宁,0,2012年,N/A,http://www.wanfangdata.com.cn/link.do?url=BE78DC6926613EC3C61D070E578356F9C0FCD10AD4DC13D1A570C0F65213F934E7333D88E62F5656E4482B654AA454D40449AC4FCB6C7DE662A62A28B791BD239FB4A367D68A7AA31162EF2BC900871B,N/A,N/A,N/A,万方期刊论文,发酵液中L-异亮氨酸提取工艺研究
摘要：目的:研究知母水层的化学成分.方法:利用大孔吸附树脂、反相ODS柱色谱结合高效液相技术对知母水层进行分离纯化，并根据波谱数据鉴定化合物的结构.结果:从知母水层中分离出5个化合物，分别鉴定为L-脯氨酸(1)，L-缬氨酸(2)，亮氨酸(3)，异亮氨酸(4)，色氨酸(5).结论:化合物1～4为首次从百合科中分离得到，化合物5为首次从知母属中分离得到....,杨炳友 高云龙 张晶 刘艳 夏永刚 匡海学,5,2012年,19,http://www.wanfangdata.com.cn/link.do?url=BE78DC6926613EC3C61D070E578356F9C0FCD10AD4DC13D1A570C0F65213F934E7333D88E62F5656E4482B654AA454D40449AC4FCB6C7DE67926270CF98E56EC7616A9357806855C7148993E53EDF94F,N/A,N/A,百合科;L-脯氨酸;L-缬氨酸;亮氨酸;异亮氨酸,万方期刊论文,知母水层化学成分研究
摘要：甲酸脱氢酶(FDH)是工业上常用的辅酶NADH再生酶，而天然的FDH主要缺陷是酶活和催化效率低.作者通过序列比对7种不同来源的FDH，发现其中来源于Candida boidinii的FDH的第93位氨基酸为缬氨酸(V)，而其余6种来源均为异亮氨酸(I).进一步根据疏水性大小，构建4个突变体酶V93L、V93I、V93A和V93G.酶学性质研究表明，除了V93L外，突变体酶的酶活随着第93位氨基酸残基的疏水性增强而提高.其中，V93I的比酶活提高22.6％、催化效率(NAD+)提高了133％.利用V93I偶联L-亮氨酸脱氢酶用于不对称还原2-氧代戊酸合成L-正缬氨酸，结果表明V93I能够提高2-氧代戊酸的转化效率....,郑俊贤 王子渊 杨套伟 张显 徐美娟 饶志明,0,2012年,15,http://www.wanfangdata.com.cn/link.do?url=BE78DC6926613EC3C61D070E578356F9C0FCD10AD4DC13D1A570C0F65213F934E7333D88E62F5656E4482B654AA454D40449AC4FCB6C7DE6E11CFAFBFB66F5D2D94C04089A24E89C3CC6EB4F1AE952BFB201677D17A0C195,N/A,N/A,N/A,万方期刊论文,点突变提高甲酸脱氢酶(CbFDH)的酶活和催化效率
摘要：L-异亮氨酸(L-lie)产生菌代谢流的前期研究报道认为，较低的溶氧浓度有利于L-异亮氨酸的积累.为进一步提高L-异亮氨酸的产量，采用DO-stat流加培养控制方法，分别研究了溶氧浓度20%、30%、35%和40%下乳糖发酵短杆菌发酵液中葡萄糖浓度的变化以及L-异亮氨酸的合成情况.结果表明，当发酵罐中溶氧浓度控制在20%时，L-异亮氨酸的产量为24.3 g L-1，比分批发酵提高了15.7%.其中，生产强度为0.338 gL-1h-1，底物转化率为12.2%.图3表1参25...,张俊丽 刘龙 房峻 李江华 堵国成 陈坚 宁健飞 蔡立明,5,2011年,N/A,http://www.wanfangdata.com.cn/link.do?url=BE78DC6926613EC3C61D070E578356F9C0FCD10AD4DC13D1A570C0F65213F934E7333D88E62F5656E4482B654AA454D40449AC4FCB6C7DE6D976EFA8C7ECEC75C6DB940BAA25360AD179D9DF4C8783580DD5088167F449A8,N/A,N/A,N/A,万方期刊论文,基于DO-stat流加培养控制的L-异亮氨酸发酵条件优化
摘要：为降低白酒中杂醇油含量，构建高活性杂醇油酯化酶，酯化杂醇油为较高沸点的酯从而降低酒体中杂醇油含量.该研究利用逆转录-聚合酶链式反应(RT-PCR)扩增酯化酶基因，酶切、以其为模板，进行易错聚合酶链式反应，连接、转化大肠杆菌(Escherichia coli) DH5α，筛选酶活显著提升的酯化酶.结果 表明，酯化酶氨基酸中146位缬氨酸突变为天冬氨酸，198位苏氨酸突变为异亮氨酸，376位天冬氨酸突变为谷氨酸.初始酯化酶和构建酯化酶合成乙酸正丙酯、乙酸异丁酯、乙酸异戊酯酶活分别为10.83 U/L、24.72 U/L，2.58 U/L、6.24 U/L，3.83 U/L、8.78 U/L，构建酯化酶酶活分别是初始酯化酶酶活的2.28倍、2.42倍、2.29倍.构建杂醇油酯化酶在白酒生产中具有极大的应用潜力....,张瑞瑞,0,2011年,4,http://www.wanfangdata.com.cn/link.do?url=BE78DC6926613EC3C61D070E578356F9C0FCD10AD4DC13D1A570C0F65213F934E7333D88E62F5656E4482B654AA454D40449AC4FCB6C7DE67926270CF98E56ECA9EE026917B66A11A5C3B9DCC7349DB4,N/A,N/A,N/A,万方期刊论文,白酒杂醇油酯化酶的分子构建
摘要：本发明涉及具有生产L-异亮氨酸的增强能力的微生物和使用该微生物生产L-异亮氨酸的方法。更具体地，本发明涉及谷氨酸棒状杆菌(Corynebacterium glutamicum)突变菌株，其耐受L-异亮氨酸和L-苏氨酸衍生物并具有生产L-异亮氨酸的增强的能力，并且涉及使用突变菌株生产L-异亮氨酸的方法。,N/A,N/A,2016-03-02,2,http://www.wanfangdata.com.cn/link.do?url=BE78DC6926613EC3C61D070E578356F9C0FCD10AD4DC13D1A570C0F65213F934E7333D88E62F5656E4482B654AA454D4312CDE92A525D0EC36CED29C7AFF8979F276C58A65FBB778CC3869ED2A805B45B201677D17A0C195,N/A,CJ第一制糖株式会社,N/A,万方专利,产L-异亮氨酸微生物和使用该微生物生产L-异亮氨酸的方法
摘要：分析黄色短杆菌(Brevibacterium flavum)中L-异亮氨酸生物合成途径得知，添加柠檬酸钠利于L-异亮氨酸发酵.通过考察柠檬酸添加量对副产物含量、菌体生物量、菌体比生长速率及上广异亮氨酸产量的影响，得出柠檬酸钠的最适添加量为2.0 g/L.应用代谢流分析方法研究了柠檬酸钠对L-异亮氨酸发酵中后期细胞内代谢流分布的影响.结果表明，在初始发酵培养基中添加2.0 g/L柠檬酸钠后，合成副产物的代谢流量明显减少，EMP途径代谢流从63.34减弱至46.54，而L-异亮氨酸的生物合成代谢流增长至23.28，较添加前提高了5.91%，且产量提高了7.87%.因此，发酵过程中添加柠檬酸钠可有效减少副产物的生成，提高L-异亮氨酸生物合成途径的代谢流量....,马雷 程立坤 徐庆阳 陈宁,7,2011年,90,http://www.wanfangdata.com.cn/link.do?url=BE78DC6926613EC3C61D070E578356F9C0FCD10AD4DC13D1A570C0F65213F934E7333D88E62F5656E4482B654AA454D40449AC4FCB6C7DE622C97A5E962D6D0B958E986D4C38AE3CE6BD66CB023D3D962737F869400015C9,N/A,N/A,N/A,万方期刊论文,柠檬酸钠对L-异亮氨酸发酵及代谢流量分布的影响
摘要：目的 研究帕拉米韦及其拟肽类衍生物的大鼠小肠吸收机制，筛选出膜渗透性最大的衍生物.方法 采用大鼠在体单向灌流法研究帕拉米韦拟肽类衍生物的小肠吸收，采用高效液相色谱法测定药物和酚红的浓度.建立lgD预测值和lgP之间的关系.结果 帕拉米韦拟肽类衍生物的膜渗透系数都比帕拉米韦高，其中帕拉米韦L-异亮氨酸衍生物具有最高的膜渗透性;寡肽转运蛋白(PEPT1)典型底物甘氨酰肌氨酸能显著降低帕拉米韦拟肽类衍生物的小肠吸收，而L-缬氨酸不具有这种能力.结论 帕拉米韦拟肽类衍生物是PEPT1的底物，它们在大鼠小肠内的吸收是PEPT1介导的主动转运过程....,孙勇兵 涂亮星 甘薇 金一 胡律江,0,2011年,N/A,http://www.wanfangdata.com.cn/link.do?url=BE78DC6926613EC3C61D070E578356F9C0FCD10AD4DC13D1A570C0F65213F934E7333D88E62F5656E4482B654AA454D40449AC4FCB6C7DE60CD3398900D9ED97F3766DF88DEFB219EA93BC8A212E2213208A995C1FB7D019,N/A,N/A,N/A,万方期刊论文,在体单向肠灌流模型研究帕拉米韦拟肽类衍生物的大鼠小肠吸收特性
摘要：研究了不同初糖浓度、葡萄糖及氮的补加方式在L-异亮氨酸发酵过程中对其产酸率、转化率等参数的影响，确定了L-异亮氨酸补料分批发酵的最佳条件，在最佳补料分批发酵条件下，L-异亮氨酸产量达21.96 g/L，糖酸转化率迭15.34%....,宋文军,7,2011年,59,http://www.wanfangdata.com.cn/link.do?url=BE78DC6926613EC3C61D070E578356F9C0FCD10AD4DC13D1A570C0F65213F934E7333D88E62F5656E4482B654AA454D40449AC4FCB6C7DE622C97A5E962D6D0B22EEFB52B3C2D6AFFE7EE40C5C12A33A,N/A,N/A,N/A,万方期刊论文,L-异亮氨酸补料分批发酵的研究
摘要：目的:脂肪萎缩是引起糖脂代谢紊乱的重要因素之一.通过气相色谱-质谱联用(GC-MS)技术分析aP2-nSREBP-1c脂肪萎缩小鼠血浆代谢谱的变化，研究与其密切相关的差异代谢物与代谢通路，探讨其生物学基础.方法:应用GC-MS技术对6只同窝野生型小鼠和6只转基因小鼠血浆样品进行检测，对检测结果进行多元统计分析，筛选出显著差异的代谢物，借助MetaboAnalyst分析代谢通路.结果:与野生型(wild-type，WT)小鼠比较，转基因(transgenic，TG)小鼠血浆中乳酸、L-缬氨酸、3-羟基丁酸、尿素、d-半乳糖、D-阿洛糖、硬脂酸、棕榈酸、肌醇、油酸、11-十八碳烯酸含量增加.代谢通路富集分析发现3条脂肪萎缩相关通路.结论:通过对aP2-nSREBP-1c小鼠血浆代谢组学分析，发现缬氨酸、亮氨酸和异亮氨酸的生物合成，丙酮酸代谢，磷酸肌醇代谢途径与脂肪萎缩相关，为阐明糖脂代谢性疾病的发病机制提供了代谢组学依据....,吴琪 吴雅韵 韦世杰 余玉英 陈远云 荣向路 郭姣,0,2011年,42,http://www.wanfangdata.com.cn/link.do?url=BE78DC6926613EC3C61D070E578356F9C0FCD10AD4DC13D1A570C0F65213F934E7333D88E62F5656E4482B654AA454D40449AC4FCB6C7DE6905B5E2A39265CA87DDCFD46099562BEBC41EDC7369DC3BF,N/A,N/A,N/A,万方期刊论文,基于气相色谱-质谱的脂肪萎缩小鼠血浆代谢组学研究
摘要：采用热重-差热法对1-L-亮氨酸-1-脱氧-D-果糖(Ⅰ)和1-L-异亮氨酸-1-脱氧-D-果糖(Ⅱ)的热失重和热裂解温度进行了研究，通过在线裂解GC-MS联用技术分别对(Ⅰ)和(Ⅱ)在350℃、450℃、550℃、650℃、750℃和850℃条件下的裂解产物进行了鉴定.研究结果表明2种Amadori化合物的的热失重曲线相似，(Ⅰ)的裂解温度为144.67℃，(Ⅱ)的裂解温度为164.26℃，600℃时(Ⅰ)和(Ⅱ)失重约80%;二者裂解产物主要为吡嗪类、吡啶类、吡咯类、喹啉类和呋喃类等杂环化合物，芳香族化合物以及醛类和酮类，其中以毗嗪类为主;裂解产物的数量随着裂解温度的升高而增多，(Ⅰ)的裂解产物数量与(Ⅱ)的裂解产物数量相当.对(Ⅰ)和(Ⅱ)的主要裂解产物形成途径进行了初步探讨，可为研究其在卷烟燃烧过程中的转化行为提供参考....,毛多斌 鞠华波 牟定荣 白晓莉,8,2011年,100,http://www.wanfangdata.com.cn/link.do?url=BE78DC6926613EC3C61D070E578356F9C0FCD10AD4DC13D1A570C0F65213F934E7333D88E62F5656E4482B654AA454D40449AC4FCB6C7DE67926270CF98E56ECB2E838BD089D624E22191FC4854207F0,N/A,N/A,N/A,万方期刊论文,1-L-亮氨酸-1-脱氧-D-果糖和1-L-异亮氨酸-1-脱氧-D-果糖的热裂解分析
摘要：天然抗菌肽具有较强的杀菌能力，但其较高的细胞毒性会使肽的细胞选择性降低.为了提高抗菌肽的选择特异性，本研究拟探讨不同疏水性氨基酸对α-螺旋抗菌肽生物学活性的影响及其抑菌机制.笔者采用α-螺旋肽GRX2 RX3 RX2 RG作为模板，分别以疏水性氨基酸色氨酸(Try，W)、苯丙氨酸(Phe，F)、缬氨酸(Val，V)、丙氨酸(Ala，A)、亮氨酸(Leu，L)和异亮氨酸(Ile，I)来替换X位置，得到了一系列富含疏水氨基酸的肽GW、GF、GV、GI、GA和GL.本研究检测了抗菌肽的二级结构、溶血活性、抑菌活性、盐离子活性，并对其抑菌的作用机制进行了研究.结果 表明:通过CD光谱试验检测出GF、GI、GA和GL在细胞膜模拟环境中均表现出典型的α螺旋结构，而GV只在TFE中呈现α螺旋结构;溶血试验结果表明，GV和GA在浓度为128 μmol·L-1未表现出溶血活性，而其他肽均表现出较高的溶血活性;抑菌试验发现GV的最小抑菌浓度(MIC)的几何平均值为3.7 μmol·L-1，并具有最高的治疗指数(TI);盐离子稳定性试验表明，在NH4+、Zn2-和Fe3+中GV对大肠杆菌25922(E.coli ATCC 25922)的抑菌能力较稳定.进一步通过扫描电镜和内膜通透性试验对抗菌肽GV的抑菌机制进行分析，结果观察到GV能够通过穿透E coli ATCC 25922和金黄色葡萄球菌29213(S.aureusATCC29213)促使细胞内容物流出而导致细菌死亡，以及通过时间和剂量依赖的方式穿透细菌内膜.综合以上结果，富含Val的GV具有较高的细胞选择性和成为高效抗菌药物的发展潜力....,徐欣瑶 董娜 李欣然 杨洋 王志华 单安山,0,2011年,41,http://www.wanfangdata.com.cn/link.do?url=BE78DC6926613EC3C61D070E578356F9C0FCD10AD4DC13D1A570C0F65213F934E7333D88E62F5656E4482B654AA454D40449AC4FCB6C7DE6603A2EC5FA626A9FCBAE0EDF5610BF2BFA09D3C7A15AA5B2,N/A,N/A,N/A,万方期刊论文,不同疏水性氨基酸对α-螺旋抗菌肽生物学活性的影响
摘要：前期试验证明一定浓度褪黑素(melatonin，MT)预处理可以提高多年生黑麦草(Lolium perenne)的抗旱性.为进一步分析褪黑素预处理影响多年生黑麦草抗旱性的机理，在前期试验的基础上，分析了干旱胁迫条件下25 μmol·L-1MT预处理对多年生黑麦草抗氧化酶活性和代谢产物积累的影响.结果 表明，MT预处理显著延缓了多年生黑麦草草坪质量、光化学效率、相对含水量的下降速率以及相对电导率、丙二醛的上升速率.MT预处理通过提高干旱胁迫条件下多年生黑麦草超氧化物歧化酶、过氧化氢酶和过氧化物酶的活性，维持细胞内膜系统的稳定性.MT预处理也可能通过提高干旱胁迫条件下多年生黑麦草异亮氨酸、脯氨酸、鸟氨基、赤藓酮糖和葡萄糖胺等相关代谢产物的积累，增强多年生黑麦草的渗透调节能力和抗氧化能力，进而提高多年生黑麦草的抗旱性....,李本峰 杜红梅,0,2011年,19,http://www.wanfangdata.com.cn/link.do?url=BE78DC6926613EC3C61D070E578356F9C0FCD10AD4DC13D1A570C0F65213F934E7333D88E62F5656E4482B654AA454D40449AC4FCB6C7DE63A91A5D67A239F908293A4CB37B374FA401596A961D92AE1,N/A,N/A,N/A,万方期刊论文,褪黑素预处理提高多年生黑麦草抗旱性的机理分析
摘要：目的 建立中药珍珠层粉HPLC氨基酸指纹图谱，进行指纹图谱的模式识别研究，并测定珍珠层粉的氨基酸含量，为珍珠层粉质量评价提供依据;方法 采用Venusi1-AA氨基酸分析柱(4.6 mm×250 mm，5μm，柱号:AA952505-0)，柱温:28℃，进样量.10μL，波长:254 nm，流速:0.9 mL·min-1，以pH为6.5的醋酸钠水溶液为流动相A，以80％乙腈水溶液为流动相B.运用SAS和SPSS统计软件进行聚类分析和主成分分析，对珍珠层粉指纹图谱进行模式识别研究.结果 建立了珍珠层粉氨基酸指纹图谱，以及氨基酸指纹图谱的共有模式，检测出23个共有峰，并指认出其中15个共有峰相似度分析的结果与聚类分析和主成分分析保持一致，不同产地的珍珠层粉氨基酸成分差异不大，但不同基源的珍珠层粉氨基酸成分差异明显.本研究测定17个批次珍珠层粉中17种氨基酸(Asp天门冬氨酸、Glu谷氨酸、Ser丝氨酸、Gly甘氨酸、His组氨酸、Arg精氨酸、Thr苏氨酸、Ala丙氨酸、Pro脯氨酸、Tyr酪氨酸、Val缬氨酸、Met蛋氨酸、Cys胱氨酸、Ile异亮氨酸、Leu亮氨酸、Phe苯丙氨酸、Lys赖氨酸)的含量.结论 本研究建立的珍珠层粉氨基酸指纹图谱分析方法专属性强，及氨基酸含量测定方法简便易行、准确可靠，可对珍珠层粉的质量评价提供依据....,乔艺涵 孟雪丹 索亚然 刘雯雪 李二文 王昭懿 冯丹 柯尊洪 林瑞超 邹迪新,0,2011年,2,http://www.wanfangdata.com.cn/link.do?url=BE78DC6926613EC3C61D070E578356F9C0FCD10AD4DC13D1A570C0F65213F934E7333D88E62F5656E4482B654AA454D40449AC4FCB6C7DE6905B5E2A39265CA8D38B56154E95AE946118BE62EF271512E70C658D6D8A19A6,N/A,N/A,N/A,万方期刊论文,珍珠层粉氨基酸指纹图谱的构建及氨基酸含量测定的研究
摘要：研究了溶氧对Brevibacterium lactofermentation 分批发酵生产L-异亮氨酸(Ile)的影响，提出了前10 h 恒700 r/min 以维持溶氧在35% 以上，10 h 后调至600 r/min 以维持溶氧在15%～20% 的两阶段供氧控制模式.与对照相比，获得了较高的产率(0.094 g/g)和糖耗速度(4.76 g/L·h)，在较短时间内(52 h)获得较高的Ile产量(23.3 g/L)，比结果最好的单一搅拌转速(600 r/min)提高11.6% .生产强度(0.448 g/L·h)比恒定搅拌转速(500、600、700、800 r/min)控制下的过程分别提高了83.6%、28.7%、44.9%、35.7%.最后采用代谢通量分析对该结果产生的原因进行了定量解释....,彭志坚 房峻 李江华 堵国成 陈坚 宁健飞 蔡立明,5,2011年,211,http://www.wanfangdata.com.cn/link.do?url=BE78DC6926613EC3C61D070E578356F9C0FCD10AD4DC13D1A570C0F65213F934E7333D88E62F5656E4482B654AA454D40449AC4FCB6C7DE60CD3398900D9ED97FE1F148EFF932204F943F5F37F323E57,N/A,N/A,N/A,万方期刊论文,发酵法生产L-异亮氨酸的溶氧控制策略
摘要：本发明通过基因工程构建了一种L-异亮氨酸生产菌，保藏于中国典型培养物保藏中心，保藏编号为CCTCC?M?2015557。该L-异亮氨酸生产菌在发酵过程中能够实现发酵液中L-异亮氨酸的有效积累，具有较高的L-异亮氨酸产量及糖酸转化率，生产成本低，具有广泛的工业应用前景。,N/A,N/A,中国科学院上海生命科学研究院湖州工业生物技术中心,7,http://www.wanfangdata.com.cn/link.do?url=BE78DC6926613EC3C61D070E578356F9C0FCD10AD4DC13D1A570C0F65213F934E7333D88E62F5656E4482B654AA454D4312CDE92A525D0EC36CED29C7AFF897974B18A10346B2B832926EEF6B2516B08B201677D17A0C195,N/A,N/A,N/A,万方专利,L-异亮氨酸基因工程生产菌
摘要：目的 筛选高表达抗PD-1抗体的工程细胞株和较优的基础及补料培养基，并进行代谢分析. 方法 分别在TPP摇管、摇瓶中通过流加培养的方式，从6株细胞株和5种商业培养基中筛选高表达抗PD-1抗体的GS-CHO细胞株和较优的基础及补料培养基.在流加培养过程中，检测葡萄糖、谷氨酰胺、谷氨酸、乳酸及氨等的浓度变化.同时为分析限制性营养因素，进一步对乳酸、氨及氨基酸代谢进行分析. 结果 通过TPP摇管初步筛选，显示122和126两株细胞在HyCellCHO培养基中表现最好，表达量分别为1.945和1.989 g/L;在摇瓶中进一步验证显示122细胞在6株细胞中的最大活细胞密度图最高，达2.21×107 cells/mL，表达量＞2 g/L.代谢分析发现，乳酸代谢切换和谷氨酸及丙氨酸代谢相关.氨基酸分析发现，蛋氨酸、异亮氨酸、亮氨酸等必需氨基酸可能为122细胞株生长和(或)表达限制性成分. 结论 筛选出高表达抗PD-1抗体的细胞株和较优培养基，同时代谢分析和氨基酸分析为后续细胞培养工艺开发及个性化培养基优化提供理性指导....,梅文枫 朱一平 尹帮旗 许晓刚 方树彬,1,2011年,103,http://www.wanfangdata.com.cn/link.do?url=BE78DC6926613EC3C61D070E578356F9C0FCD10AD4DC13D1A570C0F65213F934E7333D88E62F5656E4482B654AA454D40449AC4FCB6C7DE662A62A28B791BD23BF92B6C9565B1C3DD52BAB3D9A1E2E8FB201677D17A0C195,N/A,N/A,GS-CHO细胞;培养基;细胞计数;代谢,万方期刊论文,高表达抗PD-1抗体CHO细胞株的筛选及代谢分析
摘要：本文对L-异亮氨酸产生茵YILW的发酵工艺条件做了研究，确定了其积累L-异亮氨酸的较为适宜的条件.分别研究并确定了其发酵时的最适接种量、最适宜供氧条件、发酵最适温度、最适pH以及最佳菌体浓度等条件.在此条件下，在5L发酵罐上发酵60h，L-异亮氨酸产量达到29.6g/L，糖酸转化率达到21%....,白亚磊 冯宁 徐庆阳 谢希贤 陈宁,1,2011年,65,http://www.wanfangdata.com.cn/link.do?url=BE78DC6926613EC3C61D070E578356F9C0FCD10AD4DC13D1A570C0F65213F934E7333D88E62F5656E4482B654AA454D40449AC4FCB6C7DE662A62A28B791BD239FB4A367D68A7AA3E8AEF9E90D5A5757,N/A,N/A,N/A,万方期刊论文,黄色短杆菌YILW生产L-异亮氨酸的发酵工艺研究
摘要：利用二烃基二氯化锡和新制的N-(5-氯亚水杨醛基)-L-异亮氨酸反应合成了三个新的二烃基锡N-(5-氯亚水杨醛基)-L-异亮氨酸酯，R2Sn[2-O-5-ClC6H3CH=NCH(s-Bu)COO] (R= Ph， 1;c-C6H11， 2;n-Bu， 3)，通过元素分析、IR、1H NMR及X-射线单晶衍射分析表征了其结构.化合物1属单斜晶系，P21空间群，中心锡原子具有畸变的三角双锥构型，与三齿配体形成了五元和六元两个螯合环.生物活性测试表明， 合成的三种化合物对大肠杆菌和金黄色葡萄球菌均有良好的抑制作用....,刘念丽 张纪云 于菲 于游 田来进,1,2011年,9,http://www.wanfangdata.com.cn/link.do?url=BE78DC6926613EC3C61D070E578356F9C0FCD10AD4DC13D1A570C0F65213F934E7333D88E62F5656E4482B654AA454D40449AC4FCB6C7DE6917B95F584BD5A07F43815BAE1F21ACF6F4E81D39E5CA350,N/A,N/A,N/A,万方期刊论文,二烃基锡N-(5-氯亚水杨醛基)-L-异亮氨酸酯的合成、结构及抑菌活性
摘要：目的 探讨代谢组学能否揭示早产儿并发坏死性小肠结肠炎(NEC)的早期生物标志物.方法 回顾分析和比较12例NEC早产儿以及23例日龄、体质量相仿的无NEC早产儿血浆中小分子物质和脂类代谢物.NEC早产儿于发病后l小时内收集血标本，采用1H-NMR方法检测血浆中小分子物质和脂类代谢物.结果 与对照组相比，NEC组β-羟基丁酸酯、琥珀酸、低密度脂蛋白/极低密度脂蛋白、多不饱和脂肪酸明显升高;异亮氨酸、亮氨酸、缬氨酸、丙氨酸、肌酸、苏氨酸明显降低;赖氨酸、谷氨酸、柠檬酸、酪氨酸、葡萄糖轻度降低;差异可完全区分.结论 NEC发病时即伴有与炎症通路有关的谷氨酸谷氨酰胺、酮体和丙氨酸代谢通路的异常，以及脂质代谢的紊乱.代谢组学方法可应用于早产儿NEC的研究....,陈佳楠 王礼周 吴谨准,2,2011年,66,http://www.wanfangdata.com.cn/link.do?url=BE78DC6926613EC3C61D070E578356F9C0FCD10AD4DC13D1A570C0F65213F934E7333D88E62F5656E4482B654AA454D40449AC4FCB6C7DE63E8660470B3A76A098DE635F7DB46A65B5C35341D7B06CBC,N/A,N/A,N/A,万方期刊论文,基于1H-NMR法的早产儿坏死性小肠结肠炎代谢组学研究
摘要：单分散亲水交联聚甲基丙烯酸环氧丙酯-甲基丙烯酸乙二醇双酯树脂(PGMA/EDMA)和手性配体L-异亮氨酸反应，再与铜离子进行配位，得到一种新型的L-异亮氨酸聚合物键合高效手性配体交换固定相. 在流动相为0.2 mol/L NaAc+0.1 mmol/L Cu(Ac)2水溶液和检测波长为254 nm条件下，固定相拆分了12种DL-氨基酸对映体，分离因子在1.23～2.33之间. 详细考察了流动相pH、流速及柱温等色谱条件对DL-氨基酸对映体拆分的影响，并探讨了拆分过程热力学. 结果表明，以单分散亲水性聚合物为基质的新型手性配体交换色谱固定相制备简单、操作方便、成本低廉，柱性能稳定. 在配体交换模式下，固定相对12种DL-氨基酸对映体进行了良好的拆分....,马桂娟 龚波林 阎超,13,2011年,107,http://www.wanfangdata.com.cn/link.do?url=BE78DC6926613EC3C61D070E578356F9C0FCD10AD4DC13D1A570C0F65213F934E7333D88E62F5656E4482B654AA454D40449AC4FCB6C7DE6D976EFA8C7ECEC75B64ECCA9A86BE5ADC2D15261A59328F2,N/A,N/A,N/A,万方期刊论文,L-异亮氨酸聚合物手性配体交换固定相的制备及对DL-氨基酸的拆分
摘要：本发明公开了一种提取L-异亮氨酸的工艺，其包括：1)混合发酵；2)过滤；3)浓缩重溶；4)离子交换。本发明工艺发酵效率高，提取技术简便、高效，具有广阔的市场前景。,N/A,N/A,2016-01-27,4,http://www.wanfangdata.com.cn/link.do?url=BE78DC6926613EC3C61D070E578356F9C0FCD10AD4DC13D1A570C0F65213F934E7333D88E62F5656E4482B654AA454D4312CDE92A525D0EC36CED29C7AFF897974B18A10346B2B83F648CC0FC3847791B201677D17A0C195,N/A,新疆阜丰生物科技有限公司,N/A,万方专利,一种提取L-异亮氨酸的工艺
摘要：本文对L-异亮氨酸的测定方法进行了研究，提出了薄层色谱法和高效液相色谱法定量测定L-异亮氨酸的方法，并对各方法的条件进行了系统研究....,张灿丽 崔冠明,4,2011年,62,http://www.wanfangdata.com.cn/link.do?url=BE78DC6926613EC3C61D070E578356F9C0FCD10AD4DC13D1A570C0F65213F934E7333D88E62F5656E4482B654AA454D40449AC4FCB6C7DE662A62A28B791BD23E971594AAB55BEC1907845420E0E8430,N/A,N/A,N/A,万方期刊论文,L-异亮氨酸检测方法研讨
摘要：设计了一种新型生物分子传感材料水溶性四苯乙烯-吡啶盐(Tpp4+)分子.为了模拟生物环境，将溶液酸碱度调至pH 7.4，用荧光光谱法研究了L-苯丙氨酸、L-色氨酸、L-异亮氨酸、L-组氨酸与Tpp4+分子的相互作用.研究结果发现，L-色氨酸对Tpp4+分子荧光有猝灭效应;根据不同温度下的Stern-Volmer曲线拟合得到，在T=298 K时，猝灭常数为355.2L/mol，而在T=308 K时，猝灭常数为825.4 L/mol;随着温度的升高，猝灭常数增大，由此判断猝灭机制为动态猝灭....,徐洲 梅高接 李亿保 范小林,0,2018年,N/A,http://www.wanfangdata.com.cn/link.do?url=BE78DC6926613EC3C61D070E578356F9C0FCD10AD4DC13D1A570C0F65213F934E7333D88E62F5656E4482B654AA454D40449AC4FCB6C7DE6E17676849563A34DA8BA576F6B354317E45B6B4134146B89,N/A,N/A,N/A,万方期刊论文,荧光光谱法研究富电子氨基酸与四苯乙烯-吡啶盐的相互作用
摘要：L-异亮氨酸作为必需氨基酸之一，广泛应用于医药、食品和饲料等领域.发酵法是目前生产L-异亮氨酸最主要的方法.文中分别从L-异亮氨酸的生产方法、生物合成及其代谢调控、代谢调控育种、发酵工艺的控制、提取精制方法、国内外生产现状等6个方面，对发酵法生产L-异亮氨酸的研究进展进行了综述....,李光霞 李宗伟 陈林海 汪杏莉 李宗义 秦广雍,11,2018年,257,http://www.wanfangdata.com.cn/link.do?url=BE78DC6926613EC3C61D070E578356F9C0FCD10AD4DC13D1A570C0F65213F934E7333D88E62F5656E4482B654AA454D40449AC4FCB6C7DE6905B5E2A39265CA8BFBC118CC9D06C11B4A8BC2EBBAC6317,N/A,N/A,N/A,万方期刊论文,发酵法生产L-异亮氨酸的研究进展
摘要：本发明涉及一种微生物酶转化法生产L‑4‑羟基异亮氨酸的方法，包括以下步骤：1、培养成熟的菌种；2、将成熟的可诱导生产L‑4‑羟基异亮氨酸的大肠杆菌重组菌接入发酵罐中，进行发酵培养，发酵过程温度两阶控制，前期温度4‑36℃，后期30‑32℃；3、发酵后收集菌体，加入磷酸盐缓冲液洗涤，再加入a‑酮戊二酸、异亮氨酸、硫酸亚铁、硫酸镁、抗坏血酸，强制通风催化；4、催化液先经过陶瓷膜除菌，超滤膜，活性炭脱色，弱酸性阳离子交换树脂除盐后，流出液上732阳离子交换树脂吸附并用氨水洗脱，蒸发浓缩、重结晶，得到L‑4‑羟基异亮氨酸。本发明制备方法的反应体系简单高效且提取流程简便易行，转化率高达95.4%以上，且产品纯度可达98%以上。,N/A,N/A,2016-07-20,10,http://www.wanfangdata.com.cn/link.do?url=BE78DC6926613EC3C61D070E578356F9C0FCD10AD4DC13D1A570C0F65213F934E7333D88E62F5656E4482B654AA454D4312CDE92A525D0EC36CED29C7AFF8979E9D9939B21621BE8792530C78992F4A4B201677D17A0C195,N/A,河南巨龙生物工程股份有限公司,N/A,万方专利,一种微生物酶转化法生产L-4-羟基异亮氨酸的方法
摘要：采用高效液相色谱-蒸发光散射检测器(HPLC-ELSD)定量测定发酵液中L-异亮氨酸的含量.结果表明，L-异亮氨酸浓度在0.960～2.880 g/L时，其峰面积(y)与相应的浓度(X)呈线性关系，线性方程为y=0.661 5X-0.243 9，相关系数为0.999 7.L-异亮氨酸的平均回收率为99.08%～101.3%，相对标准偏差为0.56%～1.32%.方法的精密度、准确度好，稳定性高，能简便、快速、准确地测定发酵液中L-异亮氨酸的含量....,万红贵 朱庆平 蔡恒 蔡立明 宁健飞 陆彬,9,2018年,68,http://www.wanfangdata.com.cn/link.do?url=BE78DC6926613EC3C61D070E578356F9C0FCD10AD4DC13D1A570C0F65213F934E7333D88E62F5656E4482B654AA454D40449AC4FCB6C7DE6905B5E2A39265CA8127645217C8E5D58CCBD5EBCB4671487,N/A,N/A,N/A,万方期刊论文,HPLC-ELSD法定量测定发酵液中的L-异亮氨酸
摘要：以栖糖蜜棒杆菌(Corynebacterium melassecola)ATCC17965为出发菌株，根据代谢控制发酵原理，经硫酸二乙酯和60Co诱变处理，定向选育出一株L-异亮氨酸产生菌I31-5(SGr+ Leu-MEr+Leu-+AHVr+Sucg+Ethr)，在培养基未经优化的情况下产L-异亮氨酸14～15 g/L.同时，考察了培养基及发酵条件对菌株产酸的影响，在优化的培养基和发酵条件下积累L-异亮氨酸19.2 g/L，最高时可达21.3 g/L....,李进 张伟国,8,2018年,134,http://www.wanfangdata.com.cn/link.do?url=BE78DC6926613EC3C61D070E578356F9C0FCD10AD4DC13D1A570C0F65213F934E7333D88E62F5656E4482B654AA454D40449AC4FCB6C7DE6E11CFAFBFB66F5D2D94C04089A24E89C81EDA38823929F63B201677D17A0C195,N/A,N/A,N/A,万方期刊论文,L-异亮氨酸菌种选育及发酵条件优化
摘要：[目的]研究酵母硒对围产期奶牛代谢的影响，从代谢物变化的角度阐述其在分娩应激状态下的生物学作用.[方法]选择24头体况、胎次、年龄、体质量和预产期相近的健康围产前期奶牛随机分为对照组和试验组，每组各12头，对照组饲喂基础日粮，试验组在基础日粮中添加0.15 g/kg干物质的酵母硒，于产前21d开始饲喂，分娩后当天停止饲喂.在产前21 d及分娩后6h内尾静脉采血，使用EDTA抗凝并离心收集血浆.应用UPLC-TOF/MS分析技术，在正负离子模式下对所有血浆样品进行代谢组学分析，数据经预处理后利用多维统计(包括主成分分析(principal component analysis，PCA)和正交偏最小二乘法判别分析(orthogonal partial least squares-discriminant analysis，OPLS-DA))和单变量(t检验和差异倍数)分析方法，分析在产前21 d和分娩当天试验组和对照组奶牛血浆中代谢物差异性，以OPLS-DA获得的VIP值＞1和t检验中P＜0.1为条件筛选差异代谢物.[结果]2组奶牛血浆代谢物在饲喂硒前差异不明显，饲喂硒后有19种差异代谢物.与对照组相比，试验组奶牛在分娩后血浆中L-苯丙氨酸、L-亮氨酸、异亮氨酸、L-谷氨酰胺、L-缬氨酸、酪胺、酮亮氨酸和硫酸吲哚酚显著降低(P＜0.05)，甜菜碱、7-甲基黄嘌呤、马尿酸、尿囊素和柠檬酸显著升高(P＜0.05)，L-正亮氨酸、DL-苯丙氨酸、乙二醇单乙醚和氧代己二酸呈降低趋势(0.05＜P＜0.1)，L-肌肽和苯乙酰甘氨酸呈升高趋势(0.05＜P＜0.1).[结论]在分娩应激状态下，硒可能通过影响氨基酸、脂类和尿嘌呤衍生物的代谢，发挥着抗应激反应的作用....,罗正中 白利鹏 黄逸馨 江婧 沈留红 陶金忠 余树民 曹随忠,1,2018年,45,http://www.wanfangdata.com.cn/link.do?url=BE78DC6926613EC3C61D070E578356F9C0FCD10AD4DC13D1A570C0F65213F934E7333D88E62F5656E4482B654AA454D40449AC4FCB6C7DE6603A2EC5FA626A9FE843C7F7B03BD13CBEEB197877C4A506B201677D17A0C195,N/A,N/A,N/A,万方期刊论文,酵母硒对分娩应激状态下围产期奶牛代谢的影响
摘要：采用超高效液相-飞行时间质谱仪(UPLC-QTOF-MS/MS)和超高效液相-三重四极杆质谱仪( UPLC-MS/MS)考察阿德福韦混膦酯衍生物阿德福韦单L-硫代异亮氨酸乙酯、去氧胆酸丙酯(Q3-I2)的稳定性及体外代谢产物，将Q3-I2和对照药阿德福韦酯与人工胃液、人工肠液、大鼠空白血浆和大鼠肝微粒体进行体外共孵育，采用UPLC-MS/MS和UPLC-QTOF-MS分别测定各孵育体系中的化合物剩余质量浓度和肝微粒体体系中的代谢产物，并通过底物消除法计算半衰期和清除率.化合物Q3-I2在胃肠道中稳定，延长了血浆、肝微粒体半衰期，同时能降解出活性代谢产物.在体外肝微粒体孵育体系中通过UPLC-QTOF-MS正负离子模式共检测到8种代谢产物，主要包括水解、氧化、乙酰化、葡萄糖醛酸化反应....,杨洋 李静 肖涛 李韬 傅晓钟,1,2018年,22,http://www.wanfangdata.com.cn/link.do?url=BE78DC6926613EC3C61D070E578356F9C0FCD10AD4DC13D1A570C0F65213F934E7333D88E62F5656E4482B654AA454D40449AC4FCB6C7DE67926270CF98E56ECF31E1028B95D52661B20F90262B645721E9642472E41543A,N/A,N/A,N/A,万方期刊论文,阿德福韦混膦酯衍生物体外代谢及稳定性研究
摘要：利用途径分析方法对黄色短杆菌(Brevibacterium flavum)TC-21生产L-异亮氨酸的途径进行了分析，确定了黄色短杆菌TC-21生产L-异亮氨酸的最佳途径的通量分布，根据途径分析的结果，发酵过程中的代谢流量对L-异亮氨酸产量有明显影响，而代谢流量与发酵过程中的溶氧密切相关，因此可以通过控制溶氧来提高L-异亮氨酸产量.在发酵过程的不同阶段，根据菌体生长和产酸的需求，改变合成途径的代谢流量，可以有效提高产酸率.实验证明，通过溶氧分阶段控制发酵生产L-异亮氨酸，比溶氧恒定控制方式发酵产率提高了15.77%.实验结果说明，用途径分析的结果指导发酵过程中的溶氧可以大幅度提高L-异亮氨酸的产量....,杨宁 王健 徐庆阳 陈宁 温廷益,9,2018年,212,http://www.wanfangdata.com.cn/link.do?url=BE78DC6926613EC3C61D070E578356F9C0FCD10AD4DC13D1A570C0F65213F934E7333D88E62F5656E4482B654AA454D40449AC4FCB6C7DE6905B5E2A39265CA85DD4C759A5C97A1A488F231BF92CD235,N/A,N/A,N/A,万方期刊论文,基于途径分析的L-异亮氨酸发酵溶氧控制研究
摘要：L-异亮氨酸是八种必需氨基酸之一，在人体代谢中具有重要作用。在L-异亮氨酸的合成过程中，乙酰羟基酸合成酶催化丙酮酸和前体α-酮基丁酸生成L-异亮氨酸。由于乙酰羟基酸合成酶对α-酮基丁酸亲和性高于丙酮酸，当胞内α-酮基丁酸供应量增加时，乙酰羟基酸合成酶可优先催化生成L-异亮氨酸。同时乙酰羟基酸合成酶是L-异亮氨酸合成途径的限速酶，强化该酶可以加速限速反应，有利于L-异亮氨酸积累。　　为了研究增加胞内α-酮基丁酸的供应和强化乙酰羟基酸合成酶对L-异亮氨酸发酵的影响，本文以L-异亮氨酸生产菌C.glutamicum YILW为出发菌株进行改造，通过质粒过表达cimA成功构建了C.glutamicum YILWpXMJ19cimA;在出发菌株基因组ilvB上游插入Ptac强启动子成功构建C.glutamicum YILWPtac;在C.glutamicumYILWPtac基础上质粒过表达cimA，获得C.glutamicum YILWPtacpXMJ19cimA。通过RT-PCR分析，cimA和ilvB的转录量分别提高了920.0倍和12.5倍。SDS-PAGE分析cimA在C.glutamicum YILWpXMJ19cimA可以表达。　　对出发菌株和改造菌进行摇瓶补料分批发酵比较改造菌产酸水平的变化。结果发现，与出发菌C.glutamicum YILW相比，YILWpXMJ19cimA和YILWPtac的L-异亮氨酸积累量提高了8.9％和14.8％，糖酸转化率提高了17.8％和18.6％，单位菌体产酸提高了15.1％和20.3％，副产物L-丙氨酸较原菌分别降低了25.0％和29.9％。C.glutamicum YILWPtacpXMJ19cimA的L-异亮氨酸积累量较原菌提高了14.5％，副产物L-丙氨酸较原菌降低了8.6％，糖酸转化率和单位菌体产酸分别提高了42.4％和17.6％，糖酸转化率较YILWpXMJ19cimA和YILWPtac分别提高了20.8％和20.0％。实验结果表明通过Ptac强启动子插入协同cimA表达增加胞内α-酮丁酸的供应和强化限速酶乙酰羟基酸合成酶的方法可以提高产酸，并能够较明显的提高菌体的糖酸转化率。代谢分析表明L-异亮氨酸合成代谢流从1.09％分别提高到2.33％、7.69％和4.26％。　　5L发酵罐发酵实验出现菌体在20 h过早地进入稳定期，并表现出生长停滞，耗糖耗氧变慢的情况。针对该现象在发酵过程中依次流加了豆饼水解液、玉米浆、生物素、氨基酸复合液、嘌呤核苷、酵母粉及微量元素等多种营养物质。结果菌体生物量低的问题依然没有解决。通过流加实验排除了流加的成分是菌体生长的限制因素，猜测可能是玉米浆中的某种或某几种未知的营养因子限制菌体生长和产酸。,N/A,1,N/A,71,http://www.wanfangdata.com.cn/link.do?url=BE78DC6926613EC3C61D070E578356F9C0FCD10AD4DC13D1A570C0F65213F934E7333D88E62F5656E4482B654AA454D4FA7C0715AE998D1F70B6913B86A13D4FEB21B4EEC7D3FBC3B201677D17A0C195,N/A,N/A,"L-异亮氨酸

生产菌株

发酵工艺

乙酰羟基酸合成酶

α-酮基丁酸",万方硕士论文,目录L-异亮氨酸生产菌株的构建及发酵条件优化
摘要：目的获得L-异亮氨酸最佳发酵条件.方法根据代谢控制发酵原理，采用二次回归正交旋转组合设计考查了发酵培养基中几种主要成分对L-异亮氨酸发酵的影响，通过MATLAB软件获得最佳发酵培养基配比，并研究了各种发酵条件对黄色短杆菌生物合成L-异亮氨酸的影响.结果在优化条件下，L-异亮氨酸产率可达21.12 g*L-1.结论发酵条件的优化控制对微生物发酵生产L-异亮氨酸十分重要....,王菲 陈宁 宋文军 刘淑云 张克旭,5,2018年,88,http://www.wanfangdata.com.cn/link.do?url=BE78DC6926613EC3C61D070E578356F9C0FCD10AD4DC13D1A570C0F65213F934E7333D88E62F5656E4482B654AA454D40449AC4FCB6C7DE6905B5E2A39265CA876C6ABB8387EF281418F7F6A5AAD9A59B201677D17A0C195,N/A,N/A,N/A,万方期刊论文,L-异亮氨酸发酵条件的研究
摘要：目的:代谢工程要解决的主要问题是改变某些途径中的碳架物质流量或改变碳架物质流在不同途径中的流量分布，其目标就是修饰初级代谢，将碳架物质流导入目的产物的载流途径，以获得产物的最大转化率.方法:利用途径分析方法对黄色短杆菌生产L-异亮氨酸的途径进行了分析.结果:建立了9种基础模型，确定L-异亮氨酸理论最高摩尔产率是1;确定了黄色短杆菌生产L-异亮氨酸的最佳途径的通量分布，并以此为依据进行发酵溶氧控制优化，溶氧分阶段控制发酵生产L-异亮氨酸比溶氧恒定控制方式发酵的产率提高了8.2%.结论:根据途径分析结果，通过改变发酵过程有关参数，可使目的产物产率得到提高....,王健 王志诚 田梁逦霞 陈宁,4,2018年,122,http://www.wanfangdata.com.cn/link.do?url=BE78DC6926613EC3C61D070E578356F9C0FCD10AD4DC13D1A570C0F65213F934E7333D88E62F5656E4482B654AA454D40449AC4FCB6C7DE6905B5E2A39265CA869984DCFDD55D505694693F7D6905EF4,N/A,N/A,N/A,万方期刊论文,产生L-异亮氨酸的黄色短杆菌的代谢途径分析
摘要：通过在5L自控发酵罐上对L-异亮氨酸的发酵过程进行研究，分析了发酵基本特征，并结合菌体形态及发酵控制参数的变化，指出发酵过程中代谢流流向及代谢平衡和可能存在的代谢流迁移，为进一步发酵条件优化和分阶段控制发酵研究奠定基础....,常高峰 陈宁,14,2018年,126,http://www.wanfangdata.com.cn/link.do?url=BE78DC6926613EC3C61D070E578356F9C0FCD10AD4DC13D1A570C0F65213F934E7333D88E62F5656E4482B654AA454D40449AC4FCB6C7DE6905B5E2A39265CA869984DCFDD55D5051A27C53009EFE53D,N/A,N/A,N/A,万方期刊论文,L-异亮氨酸发酵代谢分析
摘要：目的 分析HBV不同基因型对药物反应性及S基因变异情况.方法 收集遵义医学院附属医院于2016年3月至2017年7月就诊的186例HBV DNA阳性乙型肝炎患者的血清样本，根据是否用药分为治疗组130例和对照组56例，治疗组根据用药不同分为干扰素组、核苷(酸)类似物组、保肝药组和中成药组，分别提取HBV DNA后扩增S基因并测序，结合临床资料分析疗效与基因型相关性.结果 对照组共51例患者扩增出S基因[91.1％(51/56)，其中B基因型30例，C基因型21例]，治疗组共有104例患者样本扩增出S基因[80.0％(104/130)，其中B基因型62例，C基因型42例]，均以B、C基因型为主.两种基因型对核苷(酸)类似物的反应性(肝功能改变、HBV DNA拷贝数)与未治疗组差异有统计学意义(P<0.01).B基因型HBV S基因经核苷(酸)类似物作用后，第597位碱基鸟嘌呤G变为腺嘌呤A即183位苯丙氨酸(Phe/F)突变为缬氨酸(Val/V)，使翻译终止.保肝药和干扰素引起131位鸟嘌呤G突变为腺嘌呤A，进而甘氨酸(Gly/G)变为谷氨酸(Glu/E)，且9和213位氨基酸突变率为100％.C基因型HBV则发生26位胞嘧啶C突变为胸腺嘧啶T，即脯氨酸(P)变为亮氨酸(L)及53位点丝氨酸(Ser/S)突变为亮氨酸L.保肝药物作用主要引起68位点异亮氨酸(Ile/I)突变为苏氨酸(Thr/T)和49位点P变L.干扰素和中成药均可引起225位酪氨酸-异亮氨酸(YI)变为异亮氨酸-组氨酸(IH)和9位氨基酸P变L.结论 不同HBV基因型对药物反应不同，B、C基因型HBV对药物反应可产生相同突变位点....,朱杰华 黄嘉玲 王江林 何应中 杜文胜 黄健,0,2018年,12,http://www.wanfangdata.com.cn/link.do?url=BE78DC6926613EC3C61D070E578356F9C0FCD10AD4DC13D1A570C0F65213F934E7333D88E62F5656E4482B654AA454D40449AC4FCB6C7DE67926270CF98E56EC18CB149972693613C76D5207F84D03F48F3FF10B6B23EC9C,N/A,N/A,N/A,万方期刊论文,不同基因型HBV对药物反应性和S基因突变位点研究
摘要：通过定性试验筛选，壳聚糖絮凝效果较好，并考察了pH值、絮凝剂用量和絮凝温度对絮凝效果的影响.结果表明:pH值为5，壳聚糖用量为180 mg/L，絮凝温度为40 ℃时，絮凝效果最佳.通过对过滤常数的测定分析，从理论上进一步证实了所得的絮凝条件的合理性....,刘清华 钱和 张伟国,9,2018年,64,http://www.wanfangdata.com.cn/link.do?url=BE78DC6926613EC3C61D070E578356F9C0FCD10AD4DC13D1A570C0F65213F934E7333D88E62F5656E4482B654AA454D40449AC4FCB6C7DE6E11CFAFBFB66F5D2D94C04089A24E89CCD7D73501B922121B201677D17A0C195,N/A,N/A,N/A,万方期刊论文,絮凝法处理L-异亮氨酸发酵液
摘要：国内传统的氨基酸粗品精制基本上全部采用活性炭脱色.活性炭色黑质轻，污染环境，且其产品质量差.在氨基酸生产工艺中采用无相变、低能耗、环境友好的膜分离技术，是氨基酸工业技术进步中一大突破.采用超滤技术代替现有的活性炭脱色工艺，实现氨基酸的高效提纯与精制.研究了不同切割相对分子质量的膜，操作压力和温度对膜通量的影响及膜的清洗方法.结果表明，在操作压力为0.15～0.20 MPa，操作温度为45℃时经杭州水处理中心生产截留相对分子质量为30 000的聚丙烯腈超滤膜超滤浓缩精制制得的异亮氨酸产品得率高，质量好，为超滤技术应用于异亮氨酸精制提供了依据.另外，采用超滤膜过滤除去热原也很有效，同时还能达到无菌的要求....,商育伟 李树新 金玉顺 郭文莉,6,2018年,71,http://www.wanfangdata.com.cn/link.do?url=BE78DC6926613EC3C61D070E578356F9C0FCD10AD4DC13D1A570C0F65213F934E7333D88E62F5656E4482B654AA454D40449AC4FCB6C7DE6905B5E2A39265CA878B49C112DDA71BA341932BC0DE13179B201677D17A0C195,N/A,N/A,N/A,万方期刊论文,超滤法精制L-异亮氨酸
摘要：目的 比较水解法与超声法测定保健品中支链氨基酸粉的支链氨基酸(亮氨酸、异亮氨酸及缬氨酸)含量的分析方法.方法 样品分别经水解法和超声法进行前处理后，经Agilent Eclipse XDB-phenyl柱分离，以甲醇和0.1％甲酸溶液为流动相，梯度洗脱，流速为0.4 mL/min，柱温40℃，采用液相色谱-质谱法检测.结果 亮氨酸、异亮氨酸及缬氨酸在0.01～0.05 mmol/L的浓度范围内，线性关系良好，相关系数r均大于0.99.样品经2种方法处理后，都能够准确检测支链氨基酸的含量，2种方法的实验结果比对的相对误差均＜5％，水解法处理的精密度相对标准偏差为4.0％～5.3％，而超声方法的精密度相对标准偏差均小于5.0％.结论 与水解法相比，超声法前处理方法操作简便，分离效果明显，更适用于提取保健食品中支链氨基酸粉....,黎小兰 陈彩云 蔡伟江 张喜金 李斌,0,2018年,9,http://www.wanfangdata.com.cn/link.do?url=BE78DC6926613EC3C61D070E578356F9C0FCD10AD4DC13D1A570C0F65213F934E7333D88E62F5656E4482B654AA454D40449AC4FCB6C7DE6905B5E2A39265CA89FCA26DB99EDFB5CD5A93994C7730938CABCBF0C5D8100FD,N/A,N/A,N/A,万方期刊论文,水解法与超声法检测保健品中支链氨基酸粉的支链氨基酸比对
摘要：借助于SAS软件，采用Plackett-Burman试验设计法及响应面法分析，对L-异亮氨酸产生菌Brevibacterium flavum TC-21进行了发酵培养基的优化研究.在初始发酵培养基的基础上寻优，优化后的发酵培养基使TC-21菌株的L-异亮氨酸产率提高了22.52%....,陈宁 常高峰 张克旭,42,2018年,138,http://www.wanfangdata.com.cn/link.do?url=BE78DC6926613EC3C61D070E578356F9C0FCD10AD4DC13D1A570C0F65213F934E7333D88E62F5656E4482B654AA454D40449AC4FCB6C7DE6905B5E2A39265CA87B3CD56E9F62AEB0CCBC6DA7735E53C4,N/A,N/A,N/A,万方期刊论文,L-异亮氨酸发酵培养基的响应面法优化
摘要：用自制的新型L-异亮氨酸配体交换固定相在配体交换模式下对11种DL-氨基酸进行了拆分研究，详细考察了流动相中铜离子浓度、甲醇含量、流速及温度对拆分效果的影响，并探讨了可能的拆分机理.研究结果表明:流动相中高浓度的铜离子不利于DL-氨基酸的拆分;增加流动相中甲醇的含量，降低流动相流速以及提高色谱柱温度均可改善拆分效果....,黄晓佳 王秋泉 王俊德 黄本立,11,2018年,52,http://www.wanfangdata.com.cn/link.do?url=BE78DC6926613EC3C61D070E578356F9C0FCD10AD4DC13D1A570C0F65213F934E7333D88E62F5656E4482B654AA454D40449AC4FCB6C7DE6905B5E2A39265CA8135E319E19F2F7E5DE50B0080CE7B951,N/A,N/A,N/A,万方期刊论文,L-异亮氨酸型配体交换固定相对DL-氨基酸的拆分研究
摘要：以黄色短杆菌WY10和ASl.495为亲本菌株，分别摸索了其原生质体形成和再生的条件，并在此基础上，进行了原生质体融合试验，考察了PEG浓度、融合时间等条件对原生质体融合的影响;最后利用所确定的条件对两亲株进行了融合，筛选出目的融合子WYA09和WYAl7，带有双亲株标记Met-和Leu-.经产酸验证后，产酸量没有大幅提高，但副产氨基酸(主要是亮氨酸)减少，对工业生产中分离提纯工作和下一步的筛选高产菌工作都大有益处....,王菲 张克旭 宋文军 陈宁,10,2018年,43,http://www.wanfangdata.com.cn/link.do?url=BE78DC6926613EC3C61D070E578356F9C0FCD10AD4DC13D1A570C0F65213F934E7333D88E62F5656E4482B654AA454D40449AC4FCB6C7DE622C97A5E962D6D0B958E986D4C38AE3CBF5C054AABE00810AAB9DC40331501DE,N/A,N/A,N/A,万方期刊论文,应用原生质体融合技术选育L-异亮氨酸生产菌
摘要：目的:建立L-异亮氨酸的细菌内毒素检查方法方法:按2000年版中国药典二部附录进行供试品的干扰试验.结果:供试品浓度为25mg@ml-1时对TAL与内毒素的反应无干扰作用....,何开勇 周素文,1,2018年,9,http://www.wanfangdata.com.cn/link.do?url=BE78DC6926613EC3C61D070E578356F9C0FCD10AD4DC13D1A570C0F65213F934E7333D88E62F5656E4482B654AA454D40449AC4FCB6C7DE67926270CF98E56EC54CDFD6AFB55E6ADC8DC0BBAE6513309,N/A,N/A,N/A,万方期刊论文,L-异亮氨酸细菌内毒素检查法
